user,pct_pos,pct_neu,pct_neg,pct_na,n
CaspalViare,1.0,0.0,0.0,0.0,2
Sergio27101799,1.0,0.0,0.0,0.0,2
carlespgt,1.0,0.0,0.0,0.0,2
orlandomagic81,1.0,0.0,0.0,0.0,2
yopeone76,1.0,0.0,0.0,0.0,2
9610366Palomo,1.0,0.0,0.0,0.0,1
AMNISTIA2016,1.0,0.0,0.0,0.0,1
Ajame79Luis,1.0,0.0,0.0,0.0,1
AlbertoMrida8,1.0,0.0,0.0,0.0,1
AleMSagastume,1.0,0.0,0.0,0.0,1
Alejand19809867,1.0,0.0,0.0,0.0,1
Alex290621,1.0,0.0,0.0,0.0,1
AndyLuttin74903,1.0,0.0,0.0,0.0,1
Ang3scobar,1.0,0.0,0.0,0.0,1
Asael_Hernandz,1.0,0.0,0.0,0.0,1
Carlotadv,1.0,0.0,0.0,0.0,1
CerezoPompeyo,1.0,0.0,0.0,0.0,1
CesarTajin10,1.0,0.0,0.0,0.0,1
Ciudadanotopgt,1.0,0.0,0.0,0.0,1
Claudia8885247,1.0,0.0,0.0,0.0,1
Colocha_007,1.0,0.0,0.0,0.0,1
CremasTot2,1.0,0.0,0.0,0.0,1
Cristin30886707,1.0,0.0,0.0,0.0,1
Douglasandus,1.0,0.0,0.0,0.0,1
Ed8Sv,1.0,0.0,0.0,0.0,1
EdgarAjcip,1.0,0.0,0.0,0.0,1
EfrenESandoval1,1.0,0.0,0.0,0.0,1
Elbuenchapin_gt,1.0,0.0,0.0,0.0,1
Emanuelengt,1.0,0.0,0.0,0.0,1
Fernando_502GT,1.0,0.0,0.0,0.0,1
FigueroArlette,1.0,0.0,0.0,0.0,1
FijateBienGT,1.0,0.0,0.0,0.0,1
FranciscoRDL,1.0,0.0,0.0,0.0,1
GAHC1984,1.0,0.0,0.0,0.0,1
Geoneogt,1.0,0.0,0.0,0.0,1
GiancarloPGT,1.0,0.0,0.0,0.0,1
Handelman80,1.0,0.0,0.0,0.0,1
J_AlexValdez,1.0,0.0,0.0,0.0,1
Jfervalle,1.0,0.0,0.0,0.0,1
Jorge_albertora,1.0,0.0,0.0,0.0,1
Josehpmi87,1.0,0.0,0.0,0.0,1
JuanCarlosGuzm3,1.0,0.0,0.0,0.0,1
KerwinOgaldez,1.0,0.0,0.0,0.0,1
LimaJuanillo,1.0,0.0,0.0,0.0,1
MUNDOCREMA,1.0,0.0,0.0,0.0,1
ManoloAlexsand1,1.0,0.0,0.0,0.0,1
MarielosFu99091,1.0,0.0,0.0,0.0,1
Mauricio__Reyes,1.0,0.0,0.0,0.0,1
MirnaDeSoto1,1.0,0.0,0.0,0.0,1
NerySicaja,1.0,0.0,0.0,0.0,1
OrlandoPamal,1.0,0.0,0.0,0.0,1
Pedalearr,1.0,0.0,0.0,0.0,1
RafaelMrquez14,1.0,0.0,0.0,0.0,1
Ruff58723096,1.0,0.0,0.0,0.0,1
Trebor_GT,1.0,0.0,0.0,0.0,1
UlisesMarinez,1.0,0.0,0.0,0.0,1
VHMancilla,1.0,0.0,0.0,0.0,1
YadiD_Sanchez,1.0,0.0,0.0,0.0,1
YadiMonzon,1.0,0.0,0.0,0.0,1
Z3636M,1.0,0.0,0.0,0.0,1
_____DAS____,1.0,0.0,0.0,0.0,1
_cortaziana,1.0,0.0,0.0,0.0,1
aDiarioGT,1.0,0.0,0.0,0.0,1
ak94901,1.0,0.0,0.0,0.0,1
alfonso52067664,1.0,0.0,0.0,0.0,1
andrespaniagua_,1.0,0.0,0.0,0.0,1
anissette,1.0,0.0,0.0,0.0,1
belen_barillas,1.0,0.0,0.0,0.0,1
castelagro,1.0,0.0,0.0,0.0,1
cfmr85,1.0,0.0,0.0,0.0,1
chefy_ruano,1.0,0.0,0.0,0.0,1
cmzgt,1.0,0.0,0.0,0.0,1
darofacha,1.0,0.0,0.0,0.0,1
duaArmira,1.0,0.0,0.0,0.0,1
eddy_ecocharly,1.0,0.0,0.0,0.0,1
elsuperenterado,1.0,0.0,0.0,0.0,1
erwtech,1.0,0.0,0.0,0.0,1
fercastillo0902,1.0,0.0,0.0,0.0,1
firmeactitud,1.0,0.0,0.0,0.0,1
fjadlc,1.0,0.0,0.0,0.0,1
flinnryder31,1.0,0.0,0.0,0.0,1
gabbysq,1.0,0.0,0.0,0.0,1
gioes70,1.0,0.0,0.0,0.0,1
grismds,1.0,0.0,0.0,0.0,1
ivanmess,1.0,0.0,0.0,0.0,1
jsalazar86cho,1.0,0.0,0.0,0.0,1
juanca8733,1.0,0.0,0.0,0.0,1
juliochubc,1.0,0.0,0.0,0.0,1
labenyamina,1.0,0.0,0.0,0.0,1
landivarianos,1.0,0.0,0.0,0.0,1
lizygalindo,1.0,0.0,0.0,0.0,1
luisassardo,1.0,0.0,0.0,0.0,1
lulubert,1.0,0.0,0.0,0.0,1
mamezquitam,1.0,0.0,0.0,0.0,1
marisaguatemala,1.0,0.0,0.0,0.0,1
maxsantacruz68,1.0,0.0,0.0,0.0,1
maya25cardenas,1.0,0.0,0.0,0.0,1
memeescobar70,1.0,0.0,0.0,0.0,1
migm10r,1.0,0.0,0.0,0.0,1
muniguate,1.0,0.0,0.0,0.0,1
mvpitalia1,1.0,0.0,0.0,0.0,1
nopalMagico,1.0,0.0,0.0,0.0,1
piedelana502gt,1.0,0.0,0.0,0.0,1
pmaparicio,1.0,0.0,0.0,0.0,1
pobjetiva,1.0,0.0,0.0,0.0,1
qwerty4577,1.0,0.0,0.0,0.0,1
ricarcastaneda,1.0,0.0,0.0,0.0,1
satoshiconmoto,1.0,0.0,0.0,0.0,1
stevekazuo,1.0,0.0,0.0,0.0,1
superottoss,1.0,0.0,0.0,0.0,1
wasosigt,1.0,0.0,0.0,0.0,1
wichochicken,1.0,0.0,0.0,0.0,1
xajo1970,1.0,0.0,0.0,0.0,1
y_piramide,1.0,0.0,0.0,0.0,1
MariaRo33203569,0.6666666666666666,0.0,0.3333333333333333,0.0,3
au_cdl,0.6666666666666666,0.3333333333333333,0.0,0.0,3
jrruizh,0.6666666666666666,0.3333333333333333,0.0,0.0,3
kikin1957,0.6666666666666666,0.0,0.3333333333333333,0.0,3
se_cardona3,0.6666666666666666,0.3333333333333333,0.0,0.0,3
Padutout_,0.5,0.3333333333333333,0.16666666666666666,0.0,6
Mcfrsa,0.5,0.5,0.0,0.0,4
AnonGTReloaded,0.5,0.0,0.5,0.0,2
AusenteChapinGt,0.5,0.5,0.0,0.0,2
CARLOSHERNAND61,0.5,0.5,0.0,0.0,2
CNNEE,0.5,0.5,0.0,0.0,2
EROLOSA,0.5,0.5,0.0,0.0,2
Eduardo25744843,0.5,0.5,0.0,0.0,2
EleccTorr,0.5,0.5,0.0,0.0,2
Fer_Ch085,0.5,0.0,0.5,0.0,2
HenryRe43436441,0.5,0.0,0.5,0.0,2
JosJcaalmor,0.5,0.5,0.0,0.0,2
Luismoralesgt,0.5,0.5,0.0,0.0,2
OttoAReyesEstr2,0.5,0.5,0.0,0.0,2
PabloElopgt,0.5,0.5,0.0,0.0,2
Panchopa1,0.5,0.0,0.5,0.0,2
Poe0591,0.5,0.5,0.0,0.0,2
Rev0WG,0.5,0.5,0.0,0.0,2
RobSantaFe,0.5,0.5,0.0,0.0,2
RonaldM05161013,0.5,0.5,0.0,0.0,2
SelvinF78069837,0.5,0.5,0.0,0.0,2
TRCHIEF7,0.5,0.5,0.0,0.0,2
TecoAsturias,0.5,0.0,0.5,0.0,2
TonyRoteiro,0.5,0.5,0.0,0.0,2
aguayjoma,0.5,0.0,0.5,0.0,2
b3nl0rd,0.5,0.0,0.5,0.0,2
carlomarcogt,0.5,0.5,0.0,0.0,2
chapinito90,0.5,0.5,0.0,0.0,2
chikistrickys,0.5,0.5,0.0,0.0,2
contreras_tani,0.5,0.5,0.0,0.0,2
daniel_aag24,0.5,0.5,0.0,0.0,2
de_don61347,0.5,0.0,0.5,0.0,2
dianaresident4,0.5,0.5,0.0,0.0,2
dragongt2022,0.5,0.5,0.0,0.0,2
eddyarredondo23,0.5,0.5,0.0,0.0,2
eduardo16579,0.5,0.5,0.0,0.0,2
fvalenzuela87,0.5,0.0,0.5,0.0,2
hijo_depirulina,0.5,0.0,0.5,0.0,2
ladyjustice85,0.5,0.5,0.0,0.0,2
lucho130391,0.5,0.5,0.0,0.0,2
marcos42209,0.5,0.5,0.0,0.0,2
miguel_artiga,0.5,0.5,0.0,0.0,2
mjcolman,0.5,0.5,0.0,0.0,2
rooavila,0.5,0.5,0.0,0.0,2
vm7natalia,0.5,0.5,0.0,0.0,2
DrGiammattei,0.4444444444444444,0.3333333333333333,0.2222222222222222,0.0,9
RendonArana,0.42857142857142855,0.2857142857142857,0.2857142857142857,0.0,7
luisficarpediem,0.42857142857142855,0.42857142857142855,0.14285714285714285,0.0,7
ErwinRobles2,0.4,0.4,0.2,0.0,10
PlazaPublicaGT,0.4,0.4,0.2,0.0,10
EstuiLozano69,0.4,0.2,0.4,0.0,5
JudithColnJ1,0.4,0.4,0.2,0.0,5
Mjaguilare,0.4,0.6,0.0,0.0,5
gersintos,0.4,0.4,0.2,0.0,5
guatevisible,0.4,0.6,0.0,0.0,5
LmlemusH,0.3333333333333333,0.5,0.16666666666666666,0.0,6
Patolopez420,0.3333333333333333,0.6666666666666666,0.0,0.0,6
castilloangie_2,0.3333333333333333,0.3333333333333333,0.3333333333333333,0.0,6
01Lu88,0.3333333333333333,0.3333333333333333,0.3333333333333333,0.0,3
Elgriego7,0.3333333333333333,0.0,0.6666666666666666,0.0,3
Enrique5603,0.3333333333333333,0.6666666666666666,0.0,0.0,3
FJquione,0.3333333333333333,0.3333333333333333,0.3333333333333333,0.0,3
FialkoFialko,0.3333333333333333,0.3333333333333333,0.3333333333333333,0.0,3
Jhony1234567895,0.3333333333333333,0.3333333333333333,0.3333333333333333,0.0,3
JoseCif33982901,0.3333333333333333,0.6666666666666666,0.0,0.0,3
Juanchampas,0.3333333333333333,0.6666666666666666,0.0,0.0,3
LopezGuamuch,0.3333333333333333,0.3333333333333333,0.3333333333333333,0.0,3
M_Rob_13,0.3333333333333333,0.6666666666666666,0.0,0.0,3
ManuelP27147297,0.3333333333333333,0.3333333333333333,0.3333333333333333,0.0,3
MarvinRecinos66,0.3333333333333333,0.3333333333333333,0.3333333333333333,0.0,3
TitanJustiGT,0.3333333333333333,0.0,0.6666666666666666,0.0,3
a_saenz50,0.3333333333333333,0.3333333333333333,0.3333333333333333,0.0,3
avroruiz,0.3333333333333333,0.6666666666666666,0.0,0.0,3
blaguila,0.3333333333333333,0.3333333333333333,0.3333333333333333,0.0,3
c8f9a667e131454,0.3333333333333333,0.3333333333333333,0.3333333333333333,0.0,3
cmlcgt,0.3333333333333333,0.3333333333333333,0.3333333333333333,0.0,3
gt502_luis,0.3333333333333333,0.3333333333333333,0.3333333333333333,0.0,3
hshetemul,0.3333333333333333,0.3333333333333333,0.3333333333333333,0.0,3
jeanellydvg,0.3333333333333333,0.6666666666666666,0.0,0.0,3
lamaro84190537,0.3333333333333333,0.6666666666666666,0.0,0.0,3
larrywoodgt,0.3333333333333333,0.6666666666666666,0.0,0.0,3
leon_denniz,0.3333333333333333,0.3333333333333333,0.3333333333333333,0.0,3
lopez_barrios16,0.3333333333333333,0.3333333333333333,0.3333333333333333,0.0,3
lunacrescentegt,0.3333333333333333,0.6666666666666666,0.0,0.0,3
marvinecgarcia,0.3333333333333333,0.6666666666666666,0.0,0.0,3
michideflores,0.3333333333333333,0.6666666666666666,0.0,0.0,3
oscar46083885,0.3333333333333333,0.6666666666666666,0.0,0.0,3
pedropabloyGT,0.3333333333333333,0.6666666666666666,0.0,0.0,3
sigridcleaves,0.3333333333333333,0.6666666666666666,0.0,0.0,3
yankees20051968,0.2857142857142857,0.2857142857142857,0.42857142857142855,0.0,7
angeln8,0.2653061224489796,0.5918367346938775,0.14285714285714285,0.0,49
LopezMadrrox,0.25,0.25,0.5,0.0,8
MarielizLucero,0.25,0.75,0.0,0.0,8
madridistaguate,0.25,0.375,0.375,0.0,8
91072dff5a5a4f1,0.25,0.25,0.5,0.0,4
AlberthMenendez,0.25,0.5,0.25,0.0,4
DannyAlarcon160,0.25,0.75,0.0,0.0,4
IvanHerGarcia,0.25,0.5,0.25,0.0,4
JotiaAlvarez,0.25,0.25,0.5,0.0,4
JulioRomeoDL,0.25,0.75,0.0,0.0,4
LucioUrquidez,0.25,0.75,0.0,0.0,4
MORALESAZO,0.25,0.0,0.75,0.0,4
PaoZoey2,0.25,0.5,0.25,0.0,4
Robertotobar42,0.25,0.5,0.25,0.0,4
Sankevins,0.25,0.5,0.25,0.0,4
allgoes85,0.25,0.75,0.0,0.0,4
astrixmp,0.25,0.75,0.0,0.0,4
cbrolo11,0.25,0.5,0.25,0.0,4
chejopolanc,0.25,0.75,0.0,0.0,4
discosbeagle,0.25,0.0,0.75,0.0,4
edgar_ortizgt,0.25,0.5,0.25,0.0,4
jjpnewsgtactua,0.25,0.5,0.25,0.0,4
lindo_pinky,0.25,0.75,0.0,0.0,4
replikhante,0.25,0.25,0.5,0.0,4
silvia13fernand,0.25,0.75,0.0,0.0,4
ComunicaLord,0.21428571428571427,0.5714285714285714,0.21428571428571427,0.0,14
pipitachula,0.2,0.6,0.2,0.0,10
PEdgar05,0.2,0.8,0.0,0.0,5
cc_abogado,0.2,0.8,0.0,0.0,5
lopezalfonzo721,0.2,0.8,0.0,0.0,5
lucky_rruano,0.2,0.8,0.0,0.0,5
mildred_gaitan,0.18446601941747573,0.5339805825242718,0.2815533980582524,0.0,103
yani_wen,0.17391304347826086,0.6086956521739131,0.21739130434782608,0.0,23
roanchi2,0.16666666666666666,0.5555555555555556,0.2777777777777778,0.0,18
cocolocoantillo,0.16666666666666666,0.75,0.08333333333333333,0.0,12
AndreaM77RL,0.16666666666666666,0.6666666666666666,0.16666666666666666,0.0,6
Antonio00677714,0.16666666666666666,0.6666666666666666,0.16666666666666666,0.0,6
FigueroaSarti,0.16666666666666666,0.3333333333333333,0.5,0.0,6
PFacticos,0.16666666666666666,0.8333333333333334,0.0,0.0,6
evelynercclv,0.16666666666666666,0.8333333333333334,0.0,0.0,6
guillepefe2012,0.16666666666666666,0.6666666666666666,0.16666666666666666,0.0,6
joffar28,0.16666666666666666,0.5,0.3333333333333333,0.0,6
oscar41995,0.16666666666666666,0.8333333333333334,0.0,0.0,6
riveradanziger,0.16666666666666666,0.3333333333333333,0.5,0.0,6
wamado04,0.15789473684210525,0.5789473684210527,0.2631578947368421,0.0,19
IoVittor,0.15625,0.75,0.09375,0.0,32
Erosan3Edsa,0.14285714285714285,0.47619047619047616,0.38095238095238093,0.0,21
EdberB,0.14285714285714285,0.5714285714285714,0.2857142857142857,0.0,14
MariaIsabelG65,0.14285714285714285,0.5714285714285714,0.2857142857142857,0.0,7
kalemarro,0.14285714285714285,0.7142857142857143,0.14285714285714285,0.0,7
Factor4_GT,0.13333333333333333,0.3333333333333333,0.5333333333333333,0.0,15
atolypanito,0.13333333333333333,0.5333333333333333,0.3333333333333333,0.0,15
ldubon63,0.125,0.6875,0.1875,0.0,32
Byron96324753,0.125,0.6666666666666666,0.20833333333333334,0.0,24
ArieFialko,0.125,0.5625,0.3125,0.0,16
Clairevett1,0.125,0.625,0.25,0.0,8
Divas0598,0.125,0.375,0.5,0.0,8
Kalinpal53,0.125,0.75,0.125,0.0,8
LaCupicu,0.125,0.5,0.375,0.0,8
Alejandro2024gt,0.12121212121212122,0.36363636363636365,0.5151515151515151,0.0,33
EdwinMa61769471,0.1111111111111111,0.6666666666666666,0.2222222222222222,0.0,9
mabcastillo,0.1111111111111111,0.7777777777777778,0.1111111111111111,0.0,9
AztecaNoticiaGT,0.10526315789473684,0.631578947368421,0.2631578947368421,0.0,19
LukassGTM,0.1,0.8,0.1,0.0,10
VictorP95913830,0.1,0.6,0.3,0.0,10
mmendoza_GT,0.1,0.5,0.4,0.0,10
Erwin15,0.09090909090909091,0.36363636363636365,0.5454545454545454,0.0,11
honor182,0.09090909090909091,0.5454545454545454,0.36363636363636365,0.0,11
licopatron,0.09090909090909091,0.7272727272727273,0.18181818181818182,0.0,11
prensa_libre,0.09090909090909091,0.8181818181818182,0.09090909090909091,0.0,11
Citizen_Tobino,0.08333333333333333,0.25,0.6666666666666666,0.0,12
CubReserva,0.08333333333333333,0.25,0.6666666666666666,0.0,12
QuorumGT,0.08333333333333333,0.75,0.16666666666666666,0.0,12
traficogt,0.0793854033290653,0.6798975672215108,0.2407170294494238,0.0,781
EliezerPinist,0.07692307692307693,0.5384615384615384,0.38461538461538464,0.0,13
EstelaR21362549,0.07692307692307693,0.5384615384615384,0.38461538461538464,0.0,13
herrarturocruz1,0.07692307692307693,0.9230769230769231,0.0,0.0,13
batallonjalapa,0.07518796992481203,0.6917293233082706,0.23308270676691728,0.0,133
MariaCdeLeon1,0.07407407407407407,0.6296296296296297,0.2962962962962963,0.0,27
arthurShp_wf,0.07407407407407407,0.6666666666666666,0.25925925925925924,0.0,27
PrensaComunitar,0.07317073170731707,0.43902439024390244,0.4878048780487805,0.0,41
eP_investiga,0.07142857142857142,0.5714285714285714,0.35714285714285715,0.0,14
kroldegarcia,0.07142857142857142,0.6428571428571429,0.2857142857142857,0.0,14
lahoragt,0.06944444444444445,0.6805555555555556,0.25,0.0,72
DoloresFlo23,0.06666666666666667,0.4,0.5333333333333333,0.0,15
FlorydePrez2,0.06666666666666667,0.6,0.3333333333333333,0.0,15
GersonBarrera,0.06666666666666667,0.4666666666666667,0.4666666666666667,0.0,15
ManfredoGuate,0.0625,0.6875,0.25,0.0,16
OEMC311,0.058823529411764705,0.8823529411764706,0.058823529411764705,0.0,17
cedr2506,0.05555555555555555,0.5555555555555556,0.3888888888888889,0.0,18
hellboy17oc,0.05128205128205128,0.5897435897435898,0.358974358974359,0.0,39
giovanottigt,0.05,0.75,0.2,0.0,20
PapaAbuMario,0.027777777777777776,0.6388888888888888,0.3333333333333333,0.0,36
Chofito63569841,0.0,0.7872340425531915,0.2127659574468085,0.0,47
aurabenitez,0.0,0.8636363636363636,0.13636363636363635,0.0,22
republicagt,0.0,0.6875,0.3125,0.0,16
mvtrooper,0.0,0.2,0.8,0.0,15
JulioCa75923080,0.0,0.6153846153846154,0.38461538461538464,0.0,13
lajudaica,0.0,0.8461538461538461,0.15384615384615385,0.0,13
vquique,0.0,0.8461538461538461,0.15384615384615385,0.0,13
AnaMeri71677244,0.0,0.75,0.25,0.0,12
JLFont001,0.0,0.6666666666666666,0.3333333333333333,0.0,12
MikePachino_7,0.0,0.8333333333333334,0.16666666666666666,0.0,12
EmisorasUnidas,0.0,0.8,0.2,0.0,10
JohnnyHurtarte,0.0,0.7,0.3,0.0,10
Sergioporres2,0.0,1.0,0.0,0.0,10
chilaberta,0.0,0.6,0.4,0.0,10
clauflor7,0.0,0.7,0.3,0.0,10
AuraMarinaBola4,0.0,0.4444444444444444,0.5555555555555556,0.0,9
JL2maeu,0.0,1.0,0.0,0.0,9
JorgeVe19521845,0.0,0.5555555555555556,0.4444444444444444,0.0,9
Poder502,0.0,0.5555555555555556,0.4444444444444444,0.0,9
RickyR7,0.0,0.8888888888888888,0.1111111111111111,0.0,9
fabarrie,0.0,0.8888888888888888,0.1111111111111111,0.0,9
noficciongt,0.0,0.8888888888888888,0.1111111111111111,0.0,9
unperro_mas,0.0,0.7777777777777778,0.2222222222222222,0.0,9
Felipes96782816,0.0,0.625,0.375,0.0,8
MarioChiu2,0.0,0.25,0.75,0.0,8
Miles_Mayhem_,0.0,1.0,0.0,0.0,8
PabloCarias12,0.0,0.875,0.125,0.0,8
PastoraJCastro,0.0,0.625,0.375,0.0,8
Ricigt1,0.0,0.0,1.0,0.0,8
qj6d6q7rqw,0.0,0.875,0.125,0.0,8
Armando99321411,0.0,0.5714285714285714,0.42857142857142855,0.0,7
Coperni00829097,0.0,1.0,0.0,0.0,7
ShuteElPobre,0.0,0.7142857142857143,0.2857142857142857,0.0,7
arronchopa,0.0,1.0,0.0,0.0,7
georgecamposb,0.0,0.5714285714285714,0.42857142857142855,0.0,7
glennavi,0.0,0.8571428571428571,0.14285714285714285,0.0,7
justice4bads,0.0,1.0,0.0,0.0,7
superguicho,0.0,0.8571428571428571,0.14285714285714285,0.0,7
AdnJernimo1,0.0,1.0,0.0,0.0,6
Carcamito10,0.0,0.8333333333333334,0.16666666666666666,0.0,6
ClaraLuzFranco1,0.0,1.0,0.0,0.0,6
CsarMolbar,0.0,0.3333333333333333,0.6666666666666666,0.0,6
DarwinHK,0.0,0.8333333333333334,0.16666666666666666,0.0,6
ElizaVe15409733,0.0,0.8333333333333334,0.16666666666666666,0.0,6
EmersonCrcamo2,0.0,0.6666666666666666,0.3333333333333333,0.0,6
JULIOAJORDAN,0.0,1.0,0.0,0.0,6
MaribelMar51429,0.0,1.0,0.0,0.0,6
MelvynJosue,0.0,0.8333333333333334,0.16666666666666666,0.0,6
NilrilesoR,0.0,0.0,1.0,0.0,6
RudyTejedagt,0.0,0.0,1.0,0.0,6
VisionInternaci,0.0,0.8333333333333334,0.16666666666666666,0.0,6
ahimadreahi,0.0,0.8333333333333334,0.16666666666666666,0.0,6
betocardonam,0.0,1.0,0.0,0.0,6
byron_fiesta,0.0,0.8333333333333334,0.16666666666666666,0.0,6
eedlb,0.0,0.6666666666666666,0.3333333333333333,0.0,6
miss_pattygt,0.0,0.8333333333333334,0.16666666666666666,0.0,6
sirpedrogt,0.0,0.8333333333333334,0.16666666666666666,0.0,6
soy_502,0.0,0.8333333333333334,0.16666666666666666,0.0,6
AgenciaOcote,0.0,0.6,0.4,0.0,5
Alex_balsells,0.0,0.6,0.4,0.0,5
CajasCuesta,0.0,0.8,0.2,0.0,5
Cohen13Henry,0.0,0.8,0.2,0.0,5
JeremyGD95,0.0,0.8,0.2,0.0,5
MPguatemala,0.0,0.2,0.8,0.0,5
Mando6107747648,0.0,1.0,0.0,0.0,5
MayorgaJoselit,0.0,0.6,0.4,0.0,5
MichelleCa28495,0.0,0.8,0.2,0.0,5
Mylemlem,0.0,0.8,0.2,0.0,5
Rg550aWmendoza,0.0,0.4,0.6,0.0,5
Rogerioescoba10,0.0,1.0,0.0,0.0,5
Theclowbala,0.0,1.0,0.0,0.0,5
Vanidades2023,0.0,0.8,0.2,0.0,5
Zacapaneco5,0.0,0.4,0.6,0.0,5
blablabla1950,0.0,1.0,0.0,0.0,5
canchito13,0.0,0.8,0.2,0.0,5
cmendeza,0.0,0.2,0.8,0.0,5
dark_masterGT,0.0,0.8,0.2,0.0,5
edwadriperez,0.0,0.4,0.6,0.0,5
gagarcias3371,0.0,1.0,0.0,0.0,5
lucky68vidal,0.0,0.8,0.2,0.0,5
martin_rodas,0.0,0.0,1.0,0.0,5
mundo9999,0.0,0.8,0.2,0.0,5
pwichini,0.0,0.8,0.2,0.0,5
soylacanallare1,0.0,1.0,0.0,0.0,5
26_Malima,0.0,1.0,0.0,0.0,4
AlainDLC,0.0,0.75,0.25,0.0,4
AlvaroArzuE,0.0,0.75,0.25,0.0,4
Bianch_Castillo,0.0,0.75,0.25,0.0,4
Bqi3gDpbA5nOQuc,0.0,1.0,0.0,0.0,4
CC_Guatemala,0.0,1.0,0.0,0.0,4
CanalAntigua,0.0,1.0,0.0,0.0,4
Carlos59479502,0.0,0.5,0.5,0.0,4
CbastianCruz,0.0,0.75,0.25,0.0,4
Christo62617801,0.0,0.5,0.5,0.0,4
DonDieg28700696,0.0,0.25,0.75,0.0,4
EmilioEnrq42585,0.0,1.0,0.0,0.0,4
ErwinMonterros1,0.0,0.75,0.25,0.0,4
Fiscalnvicto,0.0,1.0,0.0,0.0,4
JRC19782001,0.0,0.75,0.25,0.0,4
JodyReporta,0.0,0.5,0.5,0.0,4
MariaBonita9697,0.0,0.5,0.5,0.0,4
MartaYaque,0.0,1.0,0.0,0.0,4
Mendezfig,0.0,0.25,0.75,0.0,4
Mesas752066,0.0,1.0,0.0,0.0,4
Ottochacon5,0.0,0.75,0.25,0.0,4
Rafa_Mal0072,0.0,0.5,0.5,0.0,4
RafaelDelAguil8,0.0,0.5,0.5,0.0,4
Ricardo44762362,0.0,1.0,0.0,0.0,4
RuGar_V,0.0,1.0,0.0,0.0,4
SanchezHaldo,0.0,0.5,0.5,0.0,4
Solomamaleno,0.0,1.0,0.0,0.0,4
Soygeorgegt,0.0,0.75,0.25,0.0,4
VICKY3313,0.0,0.5,0.5,0.0,4
Veronic87340138,0.0,0.75,0.25,0.0,4
_Covidiano,0.0,0.75,0.25,0.0,4
_freiheit1,0.0,1.0,0.0,0.0,4
_guisii,0.0,0.75,0.25,0.0,4
_krefeh,0.0,0.75,0.25,0.0,4
castillogust,0.0,0.75,0.25,0.0,4
chgabriel27,0.0,1.0,0.0,0.0,4
dbeatrizmb,0.0,1.0,0.0,0.0,4
dw_espanol,0.0,0.25,0.75,0.0,4
express_foto,0.0,0.0,1.0,0.0,4
garcia_buf85342,0.0,0.5,0.5,0.0,4
gorkygirl2,0.0,0.75,0.25,0.0,4
guss_marro,0.0,0.75,0.25,0.0,4
innovacion30001,0.0,0.25,0.75,0.0,4
jaque_mate2,0.0,1.0,0.0,0.0,4
javi_sudo,0.0,0.0,1.0,0.0,4
lanegrisgt,0.0,0.5,0.5,0.0,4
luisfzci,0.0,0.75,0.25,0.0,4
martifus,0.0,0.5,0.5,0.0,4
melmoce,0.0,0.25,0.75,0.0,4
oco_motora,0.0,1.0,0.0,0.0,4
rafason,0.0,0.75,0.25,0.0,4
sanderBike,0.0,0.5,0.5,0.0,4
sofa_melgar,0.0,1.0,0.0,0.0,4
varrecisg,0.0,0.5,0.5,0.0,4
walfredeleon,0.0,0.5,0.5,0.0,4
warriorbal,0.0,0.75,0.25,0.0,4
wergabriel,0.0,0.5,0.5,0.0,4
87kikin,0.0,0.3333333333333333,0.6666666666666666,0.0,3
AJutzuy,0.0,0.6666666666666666,0.3333333333333333,0.0,3
AnaCasGu19,0.0,1.0,0.0,0.0,3
Armandoliosgt,0.0,0.6666666666666666,0.3333333333333333,0.0,3
CACIFGuatemala,0.0,1.0,0.0,0.0,3
CesarQu31421171,0.0,0.0,1.0,0.0,3
ChiltepeGT,0.0,0.6666666666666666,0.3333333333333333,0.0,3
Cindyrella_25,0.0,1.0,0.0,0.0,3
DBTOSHO,0.0,0.0,1.0,0.0,3
Dalexi10,0.0,1.0,0.0,0.0,3
DocGESH,0.0,0.6666666666666666,0.3333333333333333,0.0,3
Domingo94096837,0.0,0.0,1.0,0.0,3
EPGUATE,0.0,0.3333333333333333,0.6666666666666666,0.0,3
FMendezArgueta,0.0,0.6666666666666666,0.3333333333333333,0.0,3
Floustty,0.0,0.6666666666666666,0.3333333333333333,0.0,3
Francis52987990,0.0,0.0,1.0,0.0,3
GigantedeColch,0.0,1.0,0.0,0.0,3
GloriaAnneliess,0.0,1.0,0.0,0.0,3
HedIs28,0.0,1.0,0.0,0.0,3
Hugo81767829,0.0,1.0,0.0,0.0,3
HungMayda,0.0,0.3333333333333333,0.6666666666666666,0.0,3
JuanCar79476492,0.0,0.6666666666666666,0.3333333333333333,0.0,3
ListoErick,0.0,1.0,0.0,0.0,3
MariaEsterLfc,0.0,1.0,0.0,0.0,3
MaritoMarsch,0.0,0.6666666666666666,0.3333333333333333,0.0,3
Marloa4,0.0,1.0,0.0,0.0,3
NCachureco,0.0,0.6666666666666666,0.3333333333333333,0.0,3
NatGtfree,0.0,0.6666666666666666,0.3333333333333333,0.0,3
Palmasi1,0.0,1.0,0.0,0.0,3
QueFux_,0.0,1.0,0.0,0.0,3
RMendezRuiz,0.0,0.6666666666666666,0.3333333333333333,0.0,3
Rocaguate2022,0.0,0.6666666666666666,0.3333333333333333,0.0,3
RonaldP25524609,0.0,1.0,0.0,0.0,3
Rosario96501677,0.0,0.6666666666666666,0.3333333333333333,0.0,3
SepEBM,0.0,1.0,0.0,0.0,3
SergioL16320201,0.0,1.0,0.0,0.0,3
SilviaGarciaH,0.0,0.0,1.0,0.0,3
SinInfluencer,0.0,1.0,0.0,0.0,3
Theliva75,0.0,0.6666666666666666,0.3333333333333333,0.0,3
TitoFlores1973,0.0,1.0,0.0,0.0,3
VVJ_GT,0.0,0.0,1.0,0.0,3
VctorHe19153891,0.0,0.6666666666666666,0.3333333333333333,0.0,3
VeQueDeAhuevo,0.0,0.6666666666666666,0.3333333333333333,0.0,3
Visto_93,0.0,1.0,0.0,0.0,3
Wexave,0.0,0.3333333333333333,0.6666666666666666,0.0,3
Xinit17687372,0.0,1.0,0.0,0.0,3
Yeya16155804,0.0,1.0,0.0,0.0,3
_R__X_,0.0,0.6666666666666666,0.3333333333333333,0.0,3
angel7910wao,0.0,0.6666666666666666,0.3333333333333333,0.0,3
anti_chairosgt,0.0,1.0,0.0,0.0,3
antoniowohlers,0.0,0.3333333333333333,0.6666666666666666,0.0,3
artmobilegt,0.0,0.3333333333333333,0.6666666666666666,0.0,3
barregudiel36,0.0,0.6666666666666666,0.3333333333333333,0.0,3
bbccss6566,0.0,0.0,1.0,0.0,3
carlosrkestler,0.0,0.6666666666666666,0.3333333333333333,0.0,3
ccanleu,0.0,0.6666666666666666,0.3333333333333333,0.0,3
chepemama,0.0,0.3333333333333333,0.6666666666666666,0.0,3
coma_jose,0.0,1.0,0.0,0.0,3
cozetyg,0.0,0.0,1.0,0.0,3
deleageW,0.0,1.0,0.0,0.0,3
delosgonzalez1,0.0,1.0,0.0,0.0,3
detejedam,0.0,1.0,0.0,0.0,3
diblillos,0.0,1.0,0.0,0.0,3
edsonarioni,0.0,0.6666666666666666,0.3333333333333333,0.0,3
eeliezer1985,0.0,0.6666666666666666,0.3333333333333333,0.0,3
erwin_fern58667,0.0,0.6666666666666666,0.3333333333333333,0.0,3
extasisvgames,0.0,1.0,0.0,0.0,3
extuiterogt,0.0,1.0,0.0,0.0,3
eyre_jeane,0.0,1.0,0.0,0.0,3
fiaheisenberg,0.0,1.0,0.0,0.0,3
flovictor2257,0.0,1.0,0.0,0.0,3
foppaguate,0.0,0.3333333333333333,0.6666666666666666,0.0,3
futbolfanaticog,0.0,0.6666666666666666,0.3333333333333333,0.0,3
grupoimg2,0.0,1.0,0.0,0.0,3
gt_maga,0.0,1.0,0.0,0.0,3
guacamolconsal,0.0,1.0,0.0,0.0,3
guadalupe2020,0.0,1.0,0.0,0.0,3
inpale61,0.0,0.6666666666666666,0.3333333333333333,0.0,3
jjoaquinvv,0.0,0.6666666666666666,0.3333333333333333,0.0,3
joares2606,0.0,0.6666666666666666,0.3333333333333333,0.0,3
jovannagarcon,0.0,1.0,0.0,0.0,3
jpablo998af,0.0,1.0,0.0,0.0,3
julioaroldan1,0.0,0.3333333333333333,0.6666666666666666,0.0,3
kkillokko,0.0,1.0,0.0,0.0,3
lamidupeuplee,0.0,0.3333333333333333,0.6666666666666666,0.0,3
licigir21,0.0,0.3333333333333333,0.6666666666666666,0.0,3
luisca_o,0.0,1.0,0.0,0.0,3
malvarado6,0.0,0.6666666666666666,0.3333333333333333,0.0,3
marcelacc07,0.0,1.0,0.0,0.0,3
mariaxdelcarme1,0.0,0.3333333333333333,0.6666666666666666,0.0,3
marlondrums,0.0,1.0,0.0,0.0,3
matiasysimon,0.0,0.6666666666666666,0.3333333333333333,0.0,3
mess_hermes,0.0,0.0,1.0,0.0,3
miguelareyesc82,0.0,1.0,0.0,0.0,3
mlopezguate,0.0,1.0,0.0,0.0,3
nandoguate,0.0,1.0,0.0,0.0,3
oracintfaith,0.0,1.0,0.0,0.0,3
osiris20201,0.0,1.0,0.0,0.0,3
paulo_larioss,0.0,0.6666666666666666,0.3333333333333333,0.0,3
pholitaw,0.0,0.3333333333333333,0.6666666666666666,0.0,3
pikaso_me,0.0,0.6666666666666666,0.3333333333333333,0.0,3
rack2311,0.0,1.0,0.0,0.0,3
raulruiz72,0.0,0.6666666666666666,0.3333333333333333,0.0,3
rchinchillac,0.0,1.0,0.0,0.0,3
spaceship__5,0.0,0.6666666666666666,0.3333333333333333,0.0,3
srodas24,0.0,1.0,0.0,0.0,3
sunflowerbabe91,0.0,0.6666666666666666,0.3333333333333333,0.0,3
udarthjokerr,0.0,1.0,0.0,0.0,3
villalt93285,0.0,0.3333333333333333,0.6666666666666666,0.0,3
1994Meola,0.0,1.0,0.0,0.0,2
ANGELDAEMONN,0.0,1.0,0.0,0.0,2
AV9517211981642,0.0,1.0,0.0,0.0,2
AceytunoJhonny,0.0,0.0,1.0,0.0,2
AlayMarvin,0.0,1.0,0.0,0.0,2
AldanaV52139161,0.0,0.0,1.0,0.0,2
AleMarro1991,0.0,0.5,0.5,0.0,2
Alex_Es16,0.0,0.5,0.5,0.0,2
AlexandraJHT,0.0,1.0,0.0,0.0,2
Alitocute,0.0,1.0,0.0,0.0,2
Allancito76,0.0,0.5,0.5,0.0,2
Allfalvarez,0.0,0.0,1.0,0.0,2
AnnyMendez77,0.0,0.5,0.5,0.0,2
Antulioavm,0.0,1.0,0.0,0.0,2
AreliSagastume,0.0,1.0,0.0,0.0,2
ArnulfoDivas2,0.0,0.0,1.0,0.0,2
BAnthonyCC,0.0,1.0,0.0,0.0,2
Bbbbbbb27365250,0.0,1.0,0.0,0.0,2
BillyC2023,0.0,0.0,1.0,0.0,2
Bofer34,0.0,1.0,0.0,0.0,2
C_C_GT_,0.0,1.0,0.0,0.0,2
CaMuadiP,0.0,1.0,0.0,0.0,2
CaalCatun,0.0,0.5,0.5,0.0,2
CansadoDeCorru1,0.0,1.0,0.0,0.0,2
CaporFer,0.0,1.0,0.0,0.0,2
CarlosRGodoyL1,0.0,1.0,0.0,0.0,2
Carlosrmh82,0.0,1.0,0.0,0.0,2
Carolin1793,0.0,0.5,0.5,0.0,2
Castill0Roberto,0.0,1.0,0.0,0.0,2
Ch1967Jairo,0.0,0.5,0.5,0.0,2
ChevalBlanc64,0.0,0.5,0.5,0.0,2
ClaraGudiel719,0.0,0.0,1.0,0.0,2
Clarette_en,0.0,0.5,0.5,0.0,2
CojulunSonia,0.0,1.0,0.0,0.0,2
CoronaVirusGT,0.0,0.5,0.5,0.0,2
DONALVARADO15,0.0,0.5,0.5,0.0,2
DanceConnectGt,0.0,1.0,0.0,0.0,2
Derechairo502,0.0,1.0,0.0,0.0,2
DerekUrizar,0.0,1.0,0.0,0.0,2
DonnerOrlando,0.0,0.5,0.5,0.0,2
DpelucheNet,0.0,1.0,0.0,0.0,2
EDESGARO_DEAF,0.0,0.5,0.5,0.0,2
EROBLES62,0.0,1.0,0.0,0.0,2
EddyCru95594848,0.0,1.0,0.0,0.0,2
Edvin111956,0.0,1.0,0.0,0.0,2
ElOjoTodoLoMira,0.0,0.5,0.5,0.0,2
El_Don_ardillo,0.0,1.0,0.0,0.0,2
El_pollo_7,0.0,1.0,0.0,0.0,2
EmilioXinico,0.0,1.0,0.0,0.0,2
Enrique51859338,0.0,0.5,0.5,0.0,2
ErickVa65891293,0.0,0.5,0.5,0.0,2
Ertadivarius,0.0,0.5,0.5,0.0,2
EscobedoSonia,0.0,0.5,0.5,0.0,2
Esta_busqueda,0.0,0.0,1.0,0.0,2
EstacionDobleA,0.0,1.0,0.0,0.0,2
EstuardoOliva8,0.0,1.0,0.0,0.0,2
EstuardoSC,0.0,0.0,1.0,0.0,2
EvelincitaY,0.0,0.5,0.5,0.0,2
FROZEN72078740,0.0,0.5,0.5,0.0,2
Fernadvives,0.0,1.0,0.0,0.0,2
Fernand58750771,0.0,1.0,0.0,0.0,2
FonoDorico,0.0,1.0,0.0,0.0,2
Frankli49578232,0.0,0.5,0.5,0.0,2
FraukeFranz,0.0,1.0,0.0,0.0,2
FredyCarrera10,0.0,0.0,1.0,0.0,2
Fresita20200,0.0,0.5,0.5,0.0,2
G3bo,0.0,0.0,1.0,0.0,2
GAUdP,0.0,0.5,0.5,0.0,2
Gamendelva,0.0,0.5,0.5,0.0,2
Gamers502,0.0,1.0,0.0,0.0,2
German49572585,0.0,0.5,0.5,0.0,2
Gladys26483741,0.0,0.5,0.5,0.0,2
GlendaMottoc,0.0,0.5,0.5,0.0,2
GlowGt502,0.0,0.5,0.5,0.0,2
GonzalezLesbia,0.0,1.0,0.0,0.0,2
GreenTree5163,0.0,1.0,0.0,0.0,2
GrettelSlowing,0.0,1.0,0.0,0.0,2
Grillorivera,0.0,1.0,0.0,0.0,2
GudielArma24032,0.0,1.0,0.0,0.0,2
Guiller53663736,0.0,0.5,0.5,0.0,2
Harryss19,0.0,0.5,0.5,0.0,2
HectorDavila10,0.0,1.0,0.0,0.0,2
HenryBanniste10,0.0,1.0,0.0,0.0,2
Hidden_Badass,0.0,1.0,0.0,0.0,2
Idelettep,0.0,0.5,0.5,0.0,2
IsauB2,0.0,1.0,0.0,0.0,2
Ivo987654321,0.0,0.0,1.0,0.0,2
JPGramajoC,0.0,1.0,0.0,0.0,2
JSandoval1982,0.0,0.0,1.0,0.0,2
JUANCAR07183726,0.0,0.5,0.5,0.0,2
JacoboYojana,0.0,0.0,1.0,0.0,2
JonnGalaxy,0.0,1.0,0.0,0.0,2
JramiroH,0.0,1.0,0.0,0.0,2
Jul_Sando_1962,0.0,1.0,0.0,0.0,2
KoK3Alparedes,0.0,1.0,0.0,0.0,2
LaHierbamora,0.0,0.5,0.5,0.0,2
Laviejaalegona1,0.0,1.0,0.0,0.0,2
Leslieamely,0.0,0.5,0.5,0.0,2
Lic_Khriss,0.0,1.0,0.0,0.0,2
Lis7825,0.0,1.0,0.0,0.0,2
LuisJordany,0.0,0.5,0.5,0.0,2
MEJIA_1985,0.0,1.0,0.0,0.0,2
MFZMariel,0.0,1.0,0.0,0.0,2
Macol12345,0.0,0.5,0.5,0.0,2
ManuPelman,0.0,1.0,0.0,0.0,2
Marco06Ruiz,0.0,1.0,0.0,0.0,2
MarinaE41953239,0.0,1.0,0.0,0.0,2
Marioomeany,0.0,1.0,0.0,0.0,2
Marloa14,0.0,1.0,0.0,0.0,2
MarvinBarrios22,0.0,1.0,0.0,0.0,2
Melani_Luna,0.0,0.5,0.5,0.0,2
Menendezamc1,0.0,0.5,0.5,0.0,2
Miglemus,0.0,1.0,0.0,0.0,2
Mikepad87,0.0,1.0,0.0,0.0,2
MirandaAlonzo01,0.0,0.0,1.0,0.0,2
MironRaquel,0.0,0.0,1.0,0.0,2
MonicaLoaiza20,0.0,0.5,0.5,0.0,2
MustafarCastle,0.0,1.0,0.0,0.0,2
Mynor1358,0.0,1.0,0.0,0.0,2
Nashiraquezada,0.0,0.5,0.5,0.0,2
NemecioOrtiz2,0.0,1.0,0.0,0.0,2
NichitoMonterr2,0.0,1.0,0.0,0.0,2
OP_OcultoMejor,0.0,1.0,0.0,0.0,2
OlmsteadSergio,0.0,0.0,1.0,0.0,2
Ommaar51964660,0.0,0.5,0.5,0.0,2
Pachanga0GT,0.0,1.0,0.0,0.0,2
Paco_Pique86,0.0,0.5,0.5,0.0,2
Peter_rg88,0.0,0.5,0.5,0.0,2
Pilla_mar,0.0,1.0,0.0,0.0,2
Porquesi849468,0.0,1.0,0.0,0.0,2
QuiqueGodoy,0.0,0.5,0.5,0.0,2
RabanalesFlor,0.0,0.5,0.5,0.0,2
ReneLorca,0.0,0.5,0.5,0.0,2
RicardoTen92629,0.0,1.0,0.0,0.0,2
RigoSantoro,0.0,0.0,1.0,0.0,2
RokoKok50669568,0.0,1.0,0.0,0.0,2
RomeLau7172,0.0,1.0,0.0,0.0,2
Rosa87298204,0.0,0.5,0.5,0.0,2
S7perseiJayden,0.0,0.5,0.5,0.0,2
SGLiss1,0.0,1.0,0.0,0.0,2
Sara20400400,0.0,1.0,0.0,0.0,2
Sayed90001,0.0,1.0,0.0,0.0,2
Sergio88606888,0.0,0.5,0.5,0.0,2
Sonny_Figueroa,0.0,0.5,0.5,0.0,2
SoyGtm,0.0,1.0,0.0,0.0,2
SpillariRoberto,0.0,1.0,0.0,0.0,2
SrDonPicho,0.0,1.0,0.0,0.0,2
SyneJoe,0.0,0.5,0.5,0.0,2
Tisha_3572,0.0,1.0,0.0,0.0,2
TobarangelAngel,0.0,0.5,0.5,0.0,2
TransmetroGuate,0.0,0.0,1.0,0.0,2
Tu_Coach_Sergio,0.0,0.5,0.5,0.0,2
V1rtuz,0.0,1.0,0.0,0.0,2
VicGarciaDice,0.0,0.5,0.5,0.0,2
Victorgt65,0.0,1.0,0.0,0.0,2
VillatoroMilton,0.0,0.0,1.0,0.0,2
Vivix_023,0.0,0.5,0.5,0.0,2
WHAAsstSecty,0.0,0.0,1.0,0.0,2
YoPropongoGuate,0.0,1.0,0.0,0.0,2
__VaderTG,0.0,1.0,0.0,0.0,2
_ojoconmipisto,0.0,1.0,0.0,0.0,2
_vaclavmasek,0.0,1.0,0.0,0.0,2
aamtsi,0.0,1.0,0.0,0.0,2
ag_medina,0.0,1.0,0.0,0.0,2
aizenstatd,0.0,1.0,0.0,0.0,2
alfatangonov,0.0,1.0,0.0,0.0,2
algdelopez,0.0,1.0,0.0,0.0,2
aliaslajose,0.0,0.5,0.5,0.0,2
alterlego502,0.0,0.0,1.0,0.0,2
anita_flakita_,0.0,1.0,0.0,0.0,2
bayronortega68,0.0,1.0,0.0,0.0,2
bernardosilvagt,0.0,0.5,0.5,0.0,2
bruizf,0.0,1.0,0.0,0.0,2
camposser,0.0,1.0,0.0,0.0,2
cardona_vi41774,0.0,0.5,0.5,0.0,2
carlosrubioair,0.0,1.0,0.0,0.0,2
carolsolca,0.0,0.5,0.5,0.0,2
champis11,0.0,1.0,0.0,0.0,2
chapina_en,0.0,1.0,0.0,0.0,2
chappin777,0.0,1.0,0.0,0.0,2
claudiafajardo,0.0,1.0,0.0,0.0,2
coniglio0018,0.0,1.0,0.0,0.0,2
dbercian,0.0,1.0,0.0,0.0,2
deleon_sj,0.0,0.5,0.5,0.0,2
df_gbb,0.0,1.0,0.0,0.0,2
dolilogt,0.0,1.0,0.0,0.0,2
donaldoalvr,0.0,1.0,0.0,0.0,2
dora_melgar,0.0,0.5,0.5,0.0,2
dorjaen,0.0,1.0,0.0,0.0,2
drewzecena,0.0,0.0,1.0,0.0,2
ealvarado500,0.0,0.5,0.5,0.0,2
edgarov8,0.0,1.0,0.0,0.0,2
edwinquiran502,0.0,1.0,0.0,0.0,2
efonseca2841,0.0,1.0,0.0,0.0,2
el_Periodico,0.0,0.5,0.5,0.0,2
elder1725,0.0,0.5,0.5,0.0,2
eledycito,0.0,1.0,0.0,0.0,2
elpollitopiogt,0.0,1.0,0.0,0.0,2
empagua_gt,0.0,0.5,0.5,0.0,2
facticagt,0.0,0.5,0.5,0.0,2
fercajas,0.0,0.5,0.5,0.0,2
florespolo76g,0.0,0.5,0.5,0.0,2
freefigth,0.0,1.0,0.0,0.0,2
gabzm03,0.0,1.0,0.0,0.0,2
geovapaz2,0.0,1.0,0.0,0.0,2
ger0930,0.0,1.0,0.0,0.0,2
gerzon13,0.0,0.0,1.0,0.0,2
gio_sanchez88,0.0,1.0,0.0,0.0,2
globaljogar1,0.0,1.0,0.0,0.0,2
gt_mec,0.0,0.0,1.0,0.0,2
gtj_uan,0.0,1.0,0.0,0.0,2
guiselabarrios,0.0,1.0,0.0,0.0,2
hami417,0.0,0.5,0.5,0.0,2
hecazaor,0.0,1.0,0.0,0.0,2
isolina_mariza,0.0,0.0,1.0,0.0,2
jcarlos223020,0.0,0.5,0.5,0.0,2
jdanieldardon,0.0,1.0,0.0,0.0,2
jhonnybravo367,0.0,1.0,0.0,0.0,2
juliormolina,0.0,0.5,0.5,0.0,2
justicia_guate_,0.0,0.5,0.5,0.0,2
justiciayagt,0.0,1.0,0.0,0.0,2
kannil,0.0,1.0,0.0,0.0,2
karlos_juarezm,0.0,1.0,0.0,0.0,2
kmusftw,0.0,0.5,0.5,0.0,2
knapelos,0.0,0.5,0.5,0.0,2
krupp31416,0.0,0.5,0.5,0.0,2
labrujisgiron,0.0,1.0,0.0,0.0,2
lavalesg,0.0,1.0,0.0,0.0,2
ldavid_g,0.0,0.0,1.0,0.0,2
leds_ma,0.0,1.0,0.0,0.0,2
leidi_susana,0.0,1.0,0.0,0.0,2
lemuslimajulioc,0.0,0.0,1.0,0.0,2
liberalucha,0.0,0.5,0.5,0.0,2
licmariorubio,0.0,0.5,0.5,0.0,2
licojoachin,0.0,1.0,0.0,0.0,2
ligia_mancilla,0.0,0.5,0.5,0.0,2
lopez_alma,0.0,1.0,0.0,0.0,2
los20ytantos,0.0,1.0,0.0,0.0,2
luciatzikin,0.0,0.5,0.5,0.0,2
luiscast8512,0.0,1.0,0.0,0.0,2
luismfernandezv,0.0,1.0,0.0,0.0,2
maflores8404,0.0,1.0,0.0,0.0,2
marieloscm,0.0,0.5,0.5,0.0,2
marvindelcid,0.0,0.0,1.0,0.0,2
mazingerz_gt,0.0,1.0,0.0,0.0,2
mcampie,0.0,0.5,0.5,0.0,2
mendezdelahoz,0.0,1.0,0.0,0.0,2
mero_mero_jey,0.0,0.5,0.5,0.0,2
molinerosed,0.0,1.0,0.0,0.0,2
monica_gil7,0.0,1.0,0.0,0.0,2
moyimozo,0.0,0.5,0.5,0.0,2
nelCast22,0.0,1.0,0.0,0.0,2
ninomatute,0.0,1.0,0.0,0.0,2
nop7025,0.0,0.5,0.5,0.0,2
norapra2005,0.0,1.0,0.0,0.0,2
ochaclanc,0.0,1.0,0.0,0.0,2
oj_castro,0.0,0.5,0.5,0.0,2
osbelibravo,0.0,0.5,0.5,0.0,2
oscarin2101,0.0,1.0,0.0,0.0,2
pasamoci,0.0,1.0,0.0,0.0,2
patriziiamf,0.0,0.5,0.5,0.0,2
pdrojuarez,0.0,1.0,0.0,0.0,2
pedroernestoto2,0.0,0.5,0.5,0.0,2
perez81183,0.0,1.0,0.0,0.0,2
pirucanb,0.0,1.0,0.0,0.0,2
rachew0530,0.0,1.0,0.0,0.0,2
raulherr,0.0,1.0,0.0,0.0,2
revoloriowilson,0.0,0.5,0.5,0.0,2
rivera_bambu,0.0,0.5,0.5,0.0,2
rlirac1,0.0,1.0,0.0,0.0,2
rlmazariegos,0.0,0.0,1.0,0.0,2
rodanleu69,0.0,0.5,0.5,0.0,2
saidches,0.0,0.5,0.5,0.0,2
samuel_pz,0.0,0.5,0.5,0.0,2
sandrayoc2,0.0,1.0,0.0,0.0,2
seanigri2,0.0,1.0,0.0,0.0,2
sebastorresaz,0.0,1.0,0.0,0.0,2
sofiadevian25,0.0,1.0,0.0,0.0,2
tello_yvon99029,0.0,1.0,0.0,0.0,2
tetobustamante,0.0,1.0,0.0,0.0,2
tonogtr,0.0,1.0,0.0,0.0,2
tonoperre,0.0,0.5,0.5,0.0,2
tropicoferoz,0.0,1.0,0.0,0.0,2
un_poncho_mas,0.0,1.0,0.0,0.0,2
usuariounicoop,0.0,0.5,0.5,0.0,2
vhcb,0.0,1.0,0.0,0.0,2
vozdeltuit,0.0,1.0,0.0,0.0,2
vrp_trinidad,0.0,1.0,0.0,0.0,2
wichogarci,0.0,1.0,0.0,0.0,2
windez007,0.0,1.0,0.0,0.0,2
yerfard,0.0,1.0,0.0,0.0,2
0S_Dev,0.0,1.0,0.0,0.0,1
1056_antonio,0.0,1.0,0.0,0.0,1
1601JR,0.0,1.0,0.0,0.0,1
17147128204ca,0.0,1.0,0.0,0.0,1
18madame,0.0,0.0,1.0,0.0,1
1Jass1Jass,0.0,1.0,0.0,0.0,1
230221Abogado,0.0,0.0,1.0,0.0,1
26Bpalencia,0.0,0.0,1.0,0.0,1
300867IVAN,0.0,1.0,0.0,0.0,1
502Betty,0.0,1.0,0.0,0.0,1
7133jrp,0.0,0.0,1.0,0.0,1
72elopez,0.0,1.0,0.0,0.0,1
7ab3e6a4505c45d,0.0,1.0,0.0,0.0,1
A91_targaryen,0.0,1.0,0.0,0.0,1
AACN75,0.0,1.0,0.0,0.0,1
AAmayaGar,0.0,1.0,0.0,0.0,1
AC_TRS1,0.0,1.0,0.0,0.0,1
ACordonOficial,0.0,1.0,0.0,0.0,1
AGuatemalensis,0.0,1.0,0.0,0.0,1
AIDA_GP,0.0,1.0,0.0,0.0,1
AMCE99977117,0.0,1.0,0.0,0.0,1
ANDRESLOPE87296,0.0,1.0,0.0,0.0,1
ARNOLDOVASQUEZ1,0.0,1.0,0.0,0.0,1
ATPSA4,0.0,1.0,0.0,0.0,1
A_G_1984,0.0,1.0,0.0,0.0,1
AbadilloRoberto,0.0,1.0,0.0,0.0,1
Abiluisfer,0.0,1.0,0.0,0.0,1
AcidoGt,0.0,1.0,0.0,0.0,1
AdderMagusTarot,0.0,1.0,0.0,0.0,1
AibiG26,0.0,1.0,0.0,0.0,1
AifanErika,0.0,0.0,1.0,0.0,1
AitanaMerinoMx,0.0,1.0,0.0,0.0,1
AlGamezHigueros,0.0,1.0,0.0,0.0,1
Alberto18424661,0.0,1.0,0.0,0.0,1
Alberto61295480,0.0,1.0,0.0,0.0,1
AlbinoBuratti,0.0,1.0,0.0,0.0,1
AleChris2511,0.0,0.0,1.0,0.0,1
AleR337268,0.0,1.0,0.0,0.0,1
Ale__PM_,0.0,1.0,0.0,0.0,1
Alejand04426768,0.0,1.0,0.0,0.0,1
AlejandroA30266,0.0,0.0,1.0,0.0,1
AleksSaquiquel,0.0,0.0,1.0,0.0,1
Aleph_____,0.0,1.0,0.0,0.0,1
AlertaGt502,0.0,0.0,1.0,0.0,1
AlexCifuen1990,0.0,1.0,0.0,0.0,1
AlexDeL92022343,0.0,0.0,1.0,0.0,1
AlexRicoFlores3,0.0,0.0,1.0,0.0,1
AlexValdezSmith,0.0,1.0,0.0,0.0,1
Alfintwit,0.0,0.0,1.0,0.0,1
AliasJJ48266282,0.0,1.0,0.0,0.0,1
AllanERodriguez,0.0,0.0,1.0,0.0,1
Allan_Luther,0.0,1.0,0.0,0.0,1
Allandicen,0.0,1.0,0.0,0.0,1
Alvasol_,0.0,0.0,1.0,0.0,1
AmbMcFarland,0.0,0.0,1.0,0.0,1
AmilcarPer45580,0.0,1.0,0.0,0.0,1
An0n1mu5s,0.0,1.0,0.0,0.0,1
AnaAgui63016711,0.0,0.0,1.0,0.0,1
AnaBanana96,0.0,1.0,0.0,0.0,1
AnaLucaEstrada2,0.0,1.0,0.0,0.0,1
AnaLucia_Garcia,0.0,0.0,1.0,0.0,1
Andree_Geme,0.0,0.0,1.0,0.0,1
AndyIHG,0.0,1.0,0.0,0.0,1
AngelaL32496926,0.0,1.0,0.0,0.0,1
Anita_bol,0.0,1.0,0.0,0.0,1
Antonio79424761,0.0,1.0,0.0,0.0,1
AntonioCacoj,0.0,1.0,0.0,0.0,1
AnyLo656671,0.0,1.0,0.0,0.0,1
ArKMazariegos,0.0,1.0,0.0,0.0,1
ArceyDooley,0.0,1.0,0.0,0.0,1
ArguetaWerner,0.0,1.0,0.0,0.0,1
ArmandoYaeggy,0.0,1.0,0.0,0.0,1
ArrabeIbarra,0.0,0.0,1.0,0.0,1
ArturoMcfields,0.0,0.0,1.0,0.0,1
AsteguietaLuis,0.0,0.0,1.0,0.0,1
AstridMarianaL3,0.0,1.0,0.0,0.0,1
Astriyoky,0.0,0.0,1.0,0.0,1
AsturiasGonzalo,0.0,1.0,0.0,0.0,1
AxelGod45233014,0.0,0.0,1.0,0.0,1
BarriosWicho,0.0,0.0,1.0,0.0,1
BaruzGt,0.0,0.0,1.0,0.0,1
BastosLezo24849,0.0,1.0,0.0,0.0,1
Berbeno88,0.0,1.0,0.0,0.0,1
BergnesEgurrola,0.0,1.0,0.0,0.0,1
BernardoCaal2,0.0,1.0,0.0,0.0,1
BillyB04437416,0.0,0.0,1.0,0.0,1
Blanki9Rodiguez,0.0,1.0,0.0,0.0,1
Bluebikeride,0.0,1.0,0.0,0.0,1
BmizaSr,0.0,1.0,0.0,0.0,1
Boogie_YuGy,0.0,0.0,1.0,0.0,1
Braddock_31,0.0,1.0,0.0,0.0,1
BrendaH2O66,0.0,1.0,0.0,0.0,1
Bullgarrafuerte,0.0,1.0,0.0,0.0,1
BustoCuesta,0.0,0.0,1.0,0.0,1
Byrea10,0.0,1.0,0.0,0.0,1
ByronPa93998161,0.0,1.0,0.0,0.0,1
CA360noticias,0.0,0.0,1.0,0.0,1
CAndresB2,0.0,1.0,0.0,0.0,1
CHESSWIZZ,0.0,0.0,1.0,0.0,1
CNCguatemala,0.0,0.0,1.0,0.0,1
CSimon72,0.0,1.0,0.0,0.0,1
CamTroussard,0.0,1.0,0.0,0.0,1
CampanitaJud,0.0,1.0,0.0,0.0,1
CarlHansSchneid,0.0,1.0,0.0,0.0,1
CarlaIRodriguez,0.0,1.0,0.0,0.0,1
CarlosALlarenaO,0.0,1.0,0.0,0.0,1
CarlosCarlgnz,0.0,1.0,0.0,0.0,1
CarlosH59322468,0.0,1.0,0.0,0.0,1
CarlosNoelDubo2,0.0,1.0,0.0,0.0,1
CarmenCrdelon,0.0,1.0,0.0,0.0,1
Carsolrz,0.0,0.0,1.0,0.0,1
CassianoLucy,0.0,0.0,1.0,0.0,1
Catdog1923,0.0,1.0,0.0,0.0,1
CelsoZapeta,0.0,1.0,0.0,0.0,1
ChaclanOscar,0.0,1.0,0.0,0.0,1
ChamusquinhoGt,0.0,1.0,0.0,0.0,1
CharlieAlfonso3,0.0,1.0,0.0,0.0,1
Chefcitaaaaaa__,0.0,1.0,0.0,0.0,1
Chicote09768995,0.0,1.0,0.0,0.0,1
ChocJaime,0.0,0.0,1.0,0.0,1
ChocolateeCurls,0.0,0.0,1.0,0.0,1
Chominapower,0.0,1.0,0.0,0.0,1
Chouscky,0.0,1.0,0.0,0.0,1
ChristianOban18,0.0,1.0,0.0,0.0,1
Chrizzao,0.0,1.0,0.0,0.0,1
ChupinaElvia,0.0,1.0,0.0,0.0,1
Ciata_tunonrT,0.0,1.0,0.0,0.0,1
CidFaustina,0.0,1.0,0.0,0.0,1
CiramaguaMarco,0.0,0.0,1.0,0.0,1
Claucastillo45,0.0,1.0,0.0,0.0,1
ClauditaNoriega,0.0,1.0,0.0,0.0,1
Cocotilo2,0.0,0.0,1.0,0.0,1
Codimech1,0.0,1.0,0.0,0.0,1
CongresoGuate,0.0,1.0,0.0,0.0,1
Cor77Erik,0.0,0.0,1.0,0.0,1
Corcesa,0.0,1.0,0.0,0.0,1
Corleone_62,0.0,1.0,0.0,0.0,1
Crayola_purpura,0.0,1.0,0.0,0.0,1
Cristinape76241,0.0,0.0,1.0,0.0,1
CruzoliviaJose,0.0,1.0,0.0,0.0,1
DONARTURO45,0.0,1.0,0.0,0.0,1
D_MndZz,0.0,1.0,0.0,0.0,1
Dafograto,0.0,1.0,0.0,0.0,1
DaniloCriticon,0.0,0.0,1.0,0.0,1
DannMeister90,0.0,1.0,0.0,0.0,1
DannyBarales,0.0,1.0,0.0,0.0,1
Dante8219Gt,0.0,0.0,1.0,0.0,1
DanyVaBe,0.0,1.0,0.0,0.0,1
DarioChevez28,0.0,0.0,1.0,0.0,1
Davidck7,0.0,1.0,0.0,0.0,1
DayanKim0501,0.0,1.0,0.0,0.0,1
DespiertosGT,0.0,0.0,1.0,0.0,1
Diana_DL20,0.0,1.0,0.0,0.0,1
Diego21709067,0.0,1.0,0.0,0.0,1
DiegoEspana_,0.0,1.0,0.0,0.0,1
DiegoOliva95,0.0,1.0,0.0,0.0,1
Diegomollinedo4,0.0,0.0,1.0,0.0,1
DinaMen45337462,0.0,1.0,0.0,0.0,1
DinoraG29542872,0.0,1.0,0.0,0.0,1
Diogo_s13,0.0,1.0,0.0,0.0,1
Dni23_14,0.0,1.0,0.0,0.0,1
DoctorDelAgua,0.0,1.0,0.0,0.0,1
DrBMO,0.0,0.0,1.0,0.0,1
Dr_Strater_,0.0,0.0,1.0,0.0,1
EAPablo10_,0.0,1.0,0.0,0.0,1
EDINALBERTOA,0.0,1.0,0.0,0.0,1
ELSAMHROQUE,0.0,1.0,0.0,0.0,1
EMunchy,0.0,1.0,0.0,0.0,1
ER65595983,0.0,1.0,0.0,0.0,1
E_Morales2250,0.0,1.0,0.0,0.0,1
Ed_dynho,0.0,1.0,0.0,0.0,1
Eddie58jr,0.0,1.0,0.0,0.0,1
Eddie99243836,0.0,0.0,1.0,0.0,1
EdgarAArreaza,0.0,1.0,0.0,0.0,1
EdgarFerna62973,0.0,0.0,1.0,0.0,1
EdgarItar,0.0,1.0,0.0,0.0,1
EescobarEscobar,0.0,1.0,0.0,0.0,1
ElLitroz,0.0,1.0,0.0,0.0,1
El_Patatush,0.0,1.0,0.0,0.0,1
Elcarrillo_16,0.0,1.0,0.0,0.0,1
Elcrissalex,0.0,1.0,0.0,0.0,1
EleMent76952283,0.0,1.0,0.0,0.0,1
ElenaMotta_,0.0,1.0,0.0,0.0,1
Eliseo5209,0.0,1.0,0.0,0.0,1
EliseoBac,0.0,1.0,0.0,0.0,1
ElmerHernandez0,0.0,1.0,0.0,0.0,1
ElmerLandazuri7,0.0,0.0,1.0,0.0,1
Elmora_Siu,0.0,0.0,1.0,0.0,1
EmeGeLizama,0.0,1.0,0.0,0.0,1
Emerson07937834,0.0,0.0,1.0,0.0,1
EmyLopez240400,0.0,1.0,0.0,0.0,1
Enascenso2019,0.0,1.0,0.0,0.0,1
Endless_28gt,0.0,1.0,0.0,0.0,1
Enemiga_Publika,0.0,1.0,0.0,0.0,1
Enrique41204614,0.0,0.0,1.0,0.0,1
Enrique531,0.0,1.0,0.0,0.0,1
Enrique91598012,0.0,1.0,0.0,0.0,1
ErickJimenez69,0.0,1.0,0.0,0.0,1
Erick_Acaham,0.0,0.0,1.0,0.0,1
Error_Sys404,0.0,1.0,0.0,0.0,1
ErroresGt,0.0,1.0,0.0,0.0,1
EsSanto777,0.0,0.0,1.0,0.0,1
EsequielMo90988,0.0,1.0,0.0,0.0,1
Esilvar2,0.0,1.0,0.0,0.0,1
Estu_Madridista,0.0,1.0,0.0,0.0,1
EstuardoGudiel6,0.0,1.0,0.0,0.0,1
EstuardoYA97497,0.0,1.0,0.0,0.0,1
EugeniaGalvez13,0.0,1.0,0.0,0.0,1
EvelynC47357166,0.0,0.0,1.0,0.0,1
Ewinn_hernandez,0.0,0.0,1.0,0.0,1
Expiacion_49,0.0,1.0,0.0,0.0,1
FECI_MP,0.0,0.0,1.0,0.0,1
FRESA2222,0.0,1.0,0.0,0.0,1
FUNDESA,0.0,1.0,0.0,0.0,1
Fabrici58699638,0.0,0.0,1.0,0.0,1
FabyCalderon11,0.0,1.0,0.0,0.0,1
Fer230350,0.0,0.0,1.0,0.0,1
FerAMonroy,0.0,1.0,0.0,0.0,1
FerdyMontepeque,0.0,1.0,0.0,0.0,1
Fernand60951576,0.0,0.0,1.0,0.0,1
FerxoMartinez,0.0,0.0,1.0,0.0,1
Fidelmacalajau,0.0,1.0,0.0,0.0,1
Fitotato,0.0,0.0,1.0,0.0,1
FlixGar77736683,0.0,1.0,0.0,0.0,1
FlordMorellana,0.0,1.0,0.0,0.0,1
FrAncisKo2323,0.0,0.0,1.0,0.0,1
Francis_HieZa88,0.0,1.0,0.0,0.0,1
FredyPazos23,0.0,1.0,0.0,0.0,1
FreedomOfGuate,0.0,1.0,0.0,0.0,1
FrescoSuchiles,0.0,0.0,1.0,0.0,1
GBerganza2023,0.0,0.0,1.0,0.0,1
GECALI3,0.0,0.0,1.0,0.0,1
GMaerunrz,0.0,1.0,0.0,0.0,1
GPriscillaG,0.0,1.0,0.0,0.0,1
GTavo2104,0.0,1.0,0.0,0.0,1
GabrielaGue,0.0,1.0,0.0,0.0,1
Gabriovas,0.0,0.0,1.0,0.0,1
GaliciaJulio,0.0,1.0,0.0,0.0,1
GarciWaldemar,0.0,1.0,0.0,0.0,1
Garcia719Garcia,0.0,1.0,0.0,0.0,1
Garne87,0.0,1.0,0.0,0.0,1
Gatina777,0.0,1.0,0.0,0.0,1
Gato831,0.0,1.0,0.0,0.0,1
Ge0Black,0.0,1.0,0.0,0.0,1
GeneaGuate,0.0,1.0,0.0,0.0,1
GeorgeDoradea,0.0,1.0,0.0,0.0,1
GeovamnyS,0.0,0.0,1.0,0.0,1
GeovaniSamayoaA,0.0,1.0,0.0,0.0,1
GermanRodz1,0.0,1.0,0.0,0.0,1
GilRey422483,0.0,1.0,0.0,0.0,1
GinLomx,0.0,0.0,1.0,0.0,1
Gio_Mar1610,0.0,1.0,0.0,0.0,1
GiovanniDeLeo19,0.0,1.0,0.0,0.0,1
GironRamiro,0.0,0.0,1.0,0.0,1
Giulio_Vicenzo,0.0,0.0,1.0,0.0,1
Gloria032014,0.0,1.0,0.0,0.0,1
GoWokeGoBroke82,0.0,1.0,0.0,0.0,1
GodofEAFC,0.0,1.0,0.0,0.0,1
GoldMemberGT,0.0,1.0,0.0,0.0,1
Gontinez,0.0,1.0,0.0,0.0,1
GonzaloCompari1,0.0,0.0,1.0,0.0,1
Goyo_Saavedra,0.0,1.0,0.0,0.0,1
Green_Fito,0.0,1.0,0.0,0.0,1
GrisSteeven,0.0,1.0,0.0,0.0,1
GtJoMaEdGa,0.0,1.0,0.0,0.0,1
GtMayorga,0.0,1.0,0.0,0.0,1
GuaBoomerang,0.0,0.0,1.0,0.0,1
GualanEl,0.0,1.0,0.0,0.0,1
GuatItalia,0.0,1.0,0.0,0.0,1
Guatatey,0.0,1.0,0.0,0.0,1
Guatealejandro,0.0,1.0,0.0,0.0,1
GuatebellasMag,0.0,1.0,0.0,0.0,1
Guatecosmos,0.0,0.0,1.0,0.0,1
Guatevision_tv,0.0,1.0,0.0,0.0,1
Gugis5,0.0,1.0,0.0,0.0,1
Guillelgui,0.0,1.0,0.0,0.0,1
GuitarrasdGuate,0.0,1.0,0.0,0.0,1
Gus_pacheco10,0.0,1.0,0.0,0.0,1
Guskike,0.0,1.0,0.0,0.0,1
Gustavo31303223,0.0,1.0,0.0,0.0,1
Gustavo43958388,0.0,1.0,0.0,0.0,1
HENRYQUEVEDO316,0.0,1.0,0.0,0.0,1
HKE719,0.0,1.0,0.0,0.0,1
Habibi58,0.0,1.0,0.0,0.0,1
HansGalindoGt,0.0,1.0,0.0,0.0,1
HaverRamirez,0.0,0.0,1.0,0.0,1
HctorLp09816449,0.0,0.0,1.0,0.0,1
HecthorCV,0.0,1.0,0.0,0.0,1
HectorD52064509,0.0,1.0,0.0,0.0,1
HectorM68394714,0.0,1.0,0.0,0.0,1
HeidyBarrios78,0.0,0.0,1.0,0.0,1
HenryFit5,0.0,1.0,0.0,0.0,1
HensbillPerez,0.0,0.0,1.0,0.0,1
Heraldodomingo2,0.0,1.0,0.0,0.0,1
HermelindoMele3,0.0,1.0,0.0,0.0,1
Hernandez__W,0.0,1.0,0.0,0.0,1
HeverAbarca,0.0,1.0,0.0,0.0,1
HexeSalem,0.0,1.0,0.0,0.0,1
Heyopita,0.0,1.0,0.0,0.0,1
HtonioJ,0.0,1.0,0.0,0.0,1
HugoSanchinell1,0.0,0.0,1.0,0.0,1
IlmarN,0.0,1.0,0.0,0.0,1
Im_PabloJ,0.0,1.0,0.0,0.0,1
ImagenGt2,0.0,1.0,0.0,0.0,1
Incorruptibl_gt,0.0,1.0,0.0,0.0,1
IngridV43288582,0.0,1.0,0.0,0.0,1
Interiano1Saul,0.0,1.0,0.0,0.0,1
Intuitscreto,0.0,1.0,0.0,0.0,1
IrisMar78612428,0.0,1.0,0.0,0.0,1
JBorgov,0.0,1.0,0.0,0.0,1
JC2007JC,0.0,1.0,0.0,0.0,1
JDouglas182,0.0,1.0,0.0,0.0,1
JEdwinMeja1,0.0,0.0,1.0,0.0,1
JFGuatemala,0.0,1.0,0.0,0.0,1
JGIRON07,0.0,0.0,1.0,0.0,1
JONTHANB_LEOODO,0.0,0.0,1.0,0.0,1
JRiveraGT,0.0,1.0,0.0,0.0,1
JULIOMENDEZORD1,0.0,0.0,1.0,0.0,1
Jaguilar91Juan,0.0,1.0,0.0,0.0,1
Jairoelrojo,0.0,1.0,0.0,0.0,1
JalenVelaz46026,0.0,1.0,0.0,0.0,1
Jamilto71384561,0.0,1.0,0.0,0.0,1
Jccasellas,0.0,0.0,1.0,0.0,1
JennifferLopLem,0.0,1.0,0.0,0.0,1
Jennygt100,0.0,0.0,1.0,0.0,1
JersonCamey,0.0,0.0,1.0,0.0,1
Jessi11Salazar,0.0,1.0,0.0,0.0,1
JkSandoval_,0.0,0.0,1.0,0.0,1
JoaqunG46678893,0.0,1.0,0.0,0.0,1
JoeMayros,0.0,1.0,0.0,0.0,1
JohansonDev,0.0,1.0,0.0,0.0,1
Jonatha32651501,0.0,1.0,0.0,0.0,1
JorgeEn48650964,0.0,0.0,1.0,0.0,1
JorgeGa23923554,0.0,1.0,0.0,0.0,1
JorgeGu59035932,0.0,1.0,0.0,0.0,1
JorgePhilips2,0.0,1.0,0.0,0.0,1
Jorgealberto365,0.0,1.0,0.0,0.0,1
Jorgetwit75,0.0,1.0,0.0,0.0,1
JorkFlorido,0.0,1.0,0.0,0.0,1
JosEspi96513589,0.0,1.0,0.0,0.0,1
JosRafa44150143,0.0,1.0,0.0,0.0,1
JoseCar08264993,0.0,1.0,0.0,0.0,1
JoseVilledaGt,0.0,1.0,0.0,0.0,1
Josecmax2,0.0,1.0,0.0,0.0,1
Joselit48030797,0.0,0.0,1.0,0.0,1
JoshemiGT,0.0,1.0,0.0,0.0,1
JosueLop30,0.0,0.0,1.0,0.0,1
JosuePorta,0.0,1.0,0.0,0.0,1
Josuedj_12,0.0,1.0,0.0,0.0,1
Josuetiy,0.0,0.0,1.0,0.0,1
JpMath_78,0.0,0.0,1.0,0.0,1
Jpappa89,0.0,1.0,0.0,0.0,1
Jr_bbrojo,0.0,1.0,0.0,0.0,1
JreyesArgueta,0.0,1.0,0.0,0.0,1
JuanFra16928760,0.0,1.0,0.0,0.0,1
JuanMarcosCQ,0.0,1.0,0.0,0.0,1
JuanOrtizFoto,0.0,1.0,0.0,0.0,1
JuanPabablo1980,0.0,0.0,1.0,0.0,1
Juan_Castaju,0.0,1.0,0.0,0.0,1
Juancho8924082,0.0,1.0,0.0,0.0,1
Juanpms_,0.0,1.0,0.0,0.0,1
JulyPonce21,0.0,0.0,1.0,0.0,1
KATIASMOR,0.0,1.0,0.0,0.0,1
KICKeTay,0.0,1.0,0.0,0.0,1
Katering1995,0.0,0.0,1.0,0.0,1
Kedrako1,0.0,1.0,0.0,0.0,1
KevinBorrayo,0.0,1.0,0.0,0.0,1
Kincho95,0.0,1.0,0.0,0.0,1
KinitaMd,0.0,1.0,0.0,0.0,1
KirstenNess,0.0,1.0,0.0,0.0,1
Kiyotar97953663,0.0,1.0,0.0,0.0,1
Koko937393,0.0,1.0,0.0,0.0,1
KortAbar88,0.0,1.0,0.0,0.0,1
Kosovo1988,0.0,1.0,0.0,0.0,1
Krlazamor,0.0,1.0,0.0,0.0,1
KrystaP33861,0.0,1.0,0.0,0.0,1
L12baquiax,0.0,0.0,1.0,0.0,1
LEX_GT86,0.0,1.0,0.0,0.0,1
LaGomez84022,0.0,1.0,0.0,0.0,1
LaMinarquia,0.0,1.0,0.0,0.0,1
LaShenySosa2,0.0,1.0,0.0,0.0,1
Lalo_MM,0.0,1.0,0.0,0.0,1
Lees_gabii,0.0,1.0,0.0,0.0,1
Leiko21,0.0,1.0,0.0,0.0,1
LemusKeidy,0.0,1.0,0.0,0.0,1
LeninistaLuis,0.0,1.0,0.0,0.0,1
Leoleo25010485,0.0,1.0,0.0,0.0,1
LeonMar91,0.0,1.0,0.0,0.0,1
LeonelDepaz6,0.0,1.0,0.0,0.0,1
Libertario_1995,0.0,0.0,1.0,0.0,1
LigiaIHernandez,0.0,0.0,1.0,0.0,1
Lilialba76,0.0,1.0,0.0,0.0,1
Lilian30521,0.0,0.0,1.0,0.0,1
LilianMerlo,0.0,0.0,1.0,0.0,1
Lima30044J,0.0,1.0,0.0,0.0,1
LisethRecinos5,0.0,1.0,0.0,0.0,1
Llviz_40,0.0,1.0,0.0,0.0,1
Lmariav1,0.0,1.0,0.0,0.0,1
LoDigo502,0.0,1.0,0.0,0.0,1
LocoxElAlbo,0.0,0.0,1.0,0.0,1
LordMarduk2,0.0,1.0,0.0,0.0,1
LoremrDA,0.0,1.0,0.0,0.0,1
LorenaTorresGT,0.0,1.0,0.0,0.0,1
Lourdes1385,0.0,0.0,1.0,0.0,1
Luchofcb80,0.0,1.0,0.0,0.0,1
LuckyLara01,0.0,0.0,1.0,0.0,1
LucreciaVe97613,0.0,1.0,0.0,0.0,1
Luis21118,0.0,1.0,0.0,0.0,1
Luis50024457,0.0,0.0,1.0,0.0,1
LuisAldana19065,0.0,1.0,0.0,0.0,1
LuisFer421,0.0,1.0,0.0,0.0,1
LuisMarcaGuate,0.0,1.0,0.0,0.0,1
LuisvonAhn,0.0,1.0,0.0,0.0,1
Lumaga16,0.0,1.0,0.0,0.0,1
Luzroh879,0.0,0.0,1.0,0.0,1
MALVAREZ134,0.0,1.0,0.0,0.0,1
MH_isthinking,0.0,1.0,0.0,0.0,1
MMiaumersons,0.0,0.0,1.0,0.0,1
MMs_2019,0.0,1.0,0.0,0.0,1
MPGaleano,0.0,0.0,1.0,0.0,1
M_artis,0.0,0.0,1.0,0.0,1
MaCale311,0.0,1.0,0.0,0.0,1
MaDiMVds,0.0,0.0,1.0,0.0,1
Machl1804,0.0,0.0,1.0,0.0,1
Maco7737,0.0,1.0,0.0,0.0,1
Mafersita8,0.0,1.0,0.0,0.0,1
Maggyllm1,0.0,0.0,1.0,0.0,1
Maghenta9,0.0,1.0,0.0,0.0,1
MalirisLis75,0.0,0.0,1.0,0.0,1
Malusinfiltro,0.0,1.0,0.0,0.0,1
ManPellecer,0.0,1.0,0.0,0.0,1
Manima59,0.0,1.0,0.0,0.0,1
Mannu777,0.0,1.0,0.0,0.0,1
ManuelDiva56278,0.0,1.0,0.0,0.0,1
ManuelGamar34,0.0,0.0,1.0,0.0,1
Marc0rtiz,0.0,1.0,0.0,0.0,1
Marcelo_Caste,0.0,1.0,0.0,0.0,1
MarcoAu53512627,0.0,1.0,0.0,0.0,1
MarcoPo60095392,0.0,0.0,1.0,0.0,1
MarcoVFonseca,0.0,1.0,0.0,0.0,1
MarcosAntil,0.0,0.0,1.0,0.0,1
MariLu171,0.0,0.0,1.0,0.0,1
MariaMartaUmaa1,0.0,1.0,0.0,0.0,1
Marideaguilar1,0.0,1.0,0.0,0.0,1
Mario19744108,0.0,1.0,0.0,0.0,1
Mario799101,0.0,1.0,0.0,0.0,1
MarioFEscobarC,0.0,1.0,0.0,0.0,1
MarioSaqui1,0.0,1.0,0.0,0.0,1
MarkComa80,0.0,1.0,0.0,0.0,1
Markozlopez43,0.0,1.0,0.0,0.0,1
Marlonciito_13,0.0,0.0,1.0,0.0,1
MarobO66,0.0,1.0,0.0,0.0,1
Martamevalen,0.0,1.0,0.0,0.0,1
Marvin50146584,0.0,1.0,0.0,0.0,1
Marvinr92783742,0.0,0.0,1.0,0.0,1
Marvus_Morales,0.0,0.0,1.0,0.0,1
MaryCar50428032,0.0,1.0,0.0,0.0,1
Mash9107,0.0,1.0,0.0,0.0,1
MauroXilojgt,0.0,1.0,0.0,0.0,1
MayteMala,0.0,1.0,0.0,0.0,1
Memito9075,0.0,0.0,1.0,0.0,1
MercedesBa33833,0.0,1.0,0.0,0.0,1
MiguelA06503822,0.0,1.0,0.0,0.0,1
MiguelitogtSoy,0.0,0.0,1.0,0.0,1
Mike20232013,0.0,1.0,0.0,0.0,1
MikiKahn,0.0,0.0,1.0,0.0,1
Mincho_guate,0.0,1.0,0.0,0.0,1
MinoMinito,0.0,1.0,0.0,0.0,1
MoliOscar_,0.0,1.0,0.0,0.0,1
MonicaM76799633,0.0,1.0,0.0,0.0,1
MontielAldana,0.0,1.0,0.0,0.0,1
Mr_Rocky83,0.0,1.0,0.0,0.0,1
MujerActualidad,0.0,1.0,0.0,0.0,1
Multifa0Suarez,0.0,0.0,1.0,0.0,1
Mynor007,0.0,1.0,0.0,0.0,1
MynorAroldopab1,0.0,0.0,1.0,0.0,1
ND_marti,0.0,1.0,0.0,0.0,1
NOREIAS,0.0,1.0,0.0,0.0,1
N_dr3w,0.0,1.0,0.0,0.0,1
Nandaveneno,0.0,1.0,0.0,0.0,1
NapolenMndez1,0.0,0.0,1.0,0.0,1
Navy_shock,0.0,1.0,0.0,0.0,1
NestorLFlo68191,0.0,1.0,0.0,0.0,1
Netcentero_Gt,0.0,1.0,0.0,0.0,1
NewLibertario1,0.0,1.0,0.0,0.0,1
NicRossellguate,0.0,0.0,1.0,0.0,1
Nickoco_,0.0,0.0,1.0,0.0,1
Noizquierda3,0.0,1.0,0.0,0.0,1
Normaoc54376984,0.0,1.0,0.0,0.0,1
Normato67,0.0,0.0,1.0,0.0,1
Noti_Atlantico,0.0,1.0,0.0,0.0,1
Nyfls123,0.0,0.0,1.0,0.0,1
ORCTrabanino,0.0,1.0,0.0,0.0,1
OlavDirkmaat,0.0,1.0,0.0,0.0,1
Olgaleslie,0.0,0.0,1.0,0.0,1
OlsenPsico,0.0,1.0,0.0,0.0,1
OnlyenmiGuate,0.0,1.0,0.0,0.0,1
OscarACartagena,0.0,1.0,0.0,0.0,1
OscarPe08164698,0.0,1.0,0.0,0.0,1
OscarVi14778594,0.0,1.0,0.0,0.0,1
Oscar___Flores,0.0,1.0,0.0,0.0,1
OsitaPanda9,0.0,1.0,0.0,0.0,1
Osmosis_GT,0.0,1.0,0.0,0.0,1
P4tty502,0.0,1.0,0.0,0.0,1
PMTMuniGuate,0.0,1.0,0.0,0.0,1
PZurdoxx,0.0,1.0,0.0,0.0,1
Pablo160485,0.0,0.0,1.0,0.0,1
PabloGironC,0.0,1.0,0.0,0.0,1
PabloOrtizMili1,0.0,0.0,1.0,0.0,1
PabloPa62765980,0.0,1.0,0.0,0.0,1
PadillaRodolfo,0.0,1.0,0.0,0.0,1
PaolistaCorazon,0.0,0.0,1.0,0.0,1
Paul2fue4,0.0,1.0,0.0,0.0,1
Payo_neer,0.0,1.0,0.0,0.0,1
Payuk_,0.0,1.0,0.0,0.0,1
Pedro_D_Delgado,0.0,0.0,1.0,0.0,1
PeriodicoHist,0.0,1.0,0.0,0.0,1
PerlaCano5,0.0,1.0,0.0,0.0,1
PinedaFlory,0.0,0.0,1.0,0.0,1
Pirir9Pirir,0.0,1.0,0.0,0.0,1
PirloKolarov,0.0,1.0,0.0,0.0,1
PoconDario,0.0,1.0,0.0,0.0,1
Politiqueros502,0.0,1.0,0.0,0.0,1
Pushka08,0.0,1.0,0.0,0.0,1
QPumas1,0.0,0.0,1.0,0.0,1
QbIxmucane,0.0,1.0,0.0,0.0,1
Quetzalio502,0.0,1.0,0.0,0.0,1
QuinonezRAA,0.0,1.0,0.0,0.0,1
RC_GT,0.0,1.0,0.0,0.0,1
RH6115,0.0,1.0,0.0,0.0,1
RICARDOGAR75678,0.0,1.0,0.0,0.0,1
RMensoRuin,0.0,1.0,0.0,0.0,1
ROBERTR02304443,0.0,1.0,0.0,0.0,1
RafaelAE1967,0.0,1.0,0.0,0.0,1
RafaelAyau,0.0,1.0,0.0,0.0,1
RalMaqun1,0.0,1.0,0.0,0.0,1
RalphSly12,0.0,1.0,0.0,0.0,1
Ramirez1Vinicio,0.0,1.0,0.0,0.0,1
RamosCart,0.0,1.0,0.0,0.0,1
Rand41,0.0,1.0,0.0,0.0,1
Raul_Cardona,0.0,1.0,0.0,0.0,1
RaulitoLog,0.0,1.0,0.0,0.0,1
Rec749,0.0,1.0,0.0,0.0,1
RedDevil7490,0.0,1.0,0.0,0.0,1
ReimerGhost,0.0,1.0,0.0,0.0,1
RenaSuspendido,0.0,1.0,0.0,0.0,1
Renilevin84,0.0,0.0,1.0,0.0,1
RicardoCopene,0.0,1.0,0.0,0.0,1
RicarmY2K,0.0,1.0,0.0,0.0,1
RichDR11,0.0,1.0,0.0,0.0,1
RichardGutii,0.0,1.0,0.0,0.0,1
RicharsonC5,0.0,1.0,0.0,0.0,1
RickMillionare,0.0,1.0,0.0,0.0,1
RitaCadtillo,0.0,1.0,0.0,0.0,1
RitaDeHernande1,0.0,1.0,0.0,0.0,1
Rita_VS,0.0,1.0,0.0,0.0,1
Robertoruhe,0.0,1.0,0.0,0.0,1
RodenasMarina,0.0,1.0,0.0,0.0,1
Rodri8719,0.0,1.0,0.0,0.0,1
Rodrigo79349039,0.0,1.0,0.0,0.0,1
Rodrigo82606012,0.0,1.0,0.0,0.0,1
Rodrigomarin192,0.0,1.0,0.0,0.0,1
RojitoSantaCruz,0.0,1.0,0.0,0.0,1
Ronal4403,0.0,1.0,0.0,0.0,1
Ronald_Sterkel,0.0,1.0,0.0,0.0,1
RoosJuly92,0.0,1.0,0.0,0.0,1
RosalesFelipao,0.0,1.0,0.0,0.0,1
RosarioDeSamay1,0.0,1.0,0.0,0.0,1
Rosemary241,0.0,1.0,0.0,0.0,1
Rossycapri,0.0,0.0,1.0,0.0,1
RozzottoRodrigo,0.0,0.0,1.0,0.0,1
Rudys_one,0.0,1.0,0.0,0.0,1
RutChapina,0.0,1.0,0.0,0.0,1
SSflowers1,0.0,1.0,0.0,0.0,1
S_C_C_84,0.0,1.0,0.0,0.0,1
SalgueroManuel,0.0,1.0,0.0,0.0,1
SamuelE37780664,0.0,1.0,0.0,0.0,1
SamuelVazq61417,0.0,1.0,0.0,0.0,1
Sandovs07,0.0,1.0,0.0,0.0,1
SandraMoranR,0.0,0.0,1.0,0.0,1
SandraP28336385,0.0,1.0,0.0,0.0,1
Sandrygadr,0.0,1.0,0.0,0.0,1
SantaExmin,0.0,1.0,0.0,0.0,1
Santiag52263514,0.0,0.0,1.0,0.0,1
SantizoReloaded,0.0,1.0,0.0,0.0,1
SaraiRobledo3,0.0,1.0,0.0,0.0,1
SatanGuate,0.0,0.0,1.0,0.0,1
Saxomofono,0.0,1.0,0.0,0.0,1
Sebasti94347042,0.0,1.0,0.0,0.0,1
SenMarcoRubio,0.0,0.0,1.0,0.0,1
Serch0120,0.0,1.0,0.0,0.0,1
SergioGonzale99,0.0,1.0,0.0,0.0,1
ServicomLopez,0.0,0.0,1.0,0.0,1
ServoVeritatis,0.0,0.0,1.0,0.0,1
ShejoGarcia,0.0,1.0,0.0,0.0,1
SiHuboGenocidio,0.0,0.0,1.0,0.0,1
SiVmenor,0.0,1.0,0.0,0.0,1
SianGiovanni,0.0,1.0,0.0,0.0,1
Siana5021503,0.0,0.0,1.0,0.0,1
SigridRM,0.0,1.0,0.0,0.0,1
Sir_Wichito,0.0,1.0,0.0,0.0,1
SoloDimeA_,0.0,1.0,0.0,0.0,1
SoyFlordeMaria,0.0,0.0,1.0,0.0,1
SoyPeetaMV,0.0,0.0,1.0,0.0,1
Soy_Shute,0.0,1.0,0.0,0.0,1
Spider_1990,0.0,1.0,0.0,0.0,1
SusyLu17281115,0.0,1.0,0.0,0.0,1
T1EETC_NOTICIAS,0.0,1.0,0.0,0.0,1
TIbanez1949,0.0,0.0,1.0,0.0,1
TMorroking15491,0.0,0.0,1.0,0.0,1
TTRezZ777,0.0,0.0,1.0,0.0,1
TanyaVa76108281,0.0,1.0,0.0,0.0,1
TavoSilvestre,0.0,0.0,1.0,0.0,1
TeVoyAFunarGT,0.0,1.0,0.0,0.0,1
Tecabre25,0.0,1.0,0.0,0.0,1
Templario_Gt,0.0,0.0,1.0,0.0,1
TheRainbowJ_,0.0,1.0,0.0,0.0,1
TheVigilanteGT,0.0,1.0,0.0,0.0,1
ThelmaAldana,0.0,1.0,0.0,0.0,1
Thz0101,0.0,1.0,0.0,0.0,1
Tito8829,0.0,1.0,0.0,0.0,1
TomasStark5,0.0,1.0,0.0,0.0,1
TonoMorales3,0.0,1.0,0.0,0.0,1
TraposAlSolGT,0.0,0.0,1.0,0.0,1
TroyaArde30,0.0,1.0,0.0,0.0,1
UbaldoMacu,0.0,1.0,0.0,0.0,1
UnFulanotal_,0.0,1.0,0.0,0.0,1
VCROSITA61,0.0,1.0,0.0,0.0,1
VEREDIGNAGUILAR,0.0,1.0,0.0,0.0,1
Vertical_dorsal,0.0,1.0,0.0,0.0,1
VicMaldonadoS,0.0,1.0,0.0,0.0,1
VicenteCarrera_,0.0,1.0,0.0,0.0,1
VictorManoloFl2,0.0,1.0,0.0,0.0,1
VictorP32180872,0.0,1.0,0.0,0.0,1
Vientomares,0.0,1.0,0.0,0.0,1
Villatoro_gt,0.0,1.0,0.0,0.0,1
VilmaChinc465,0.0,1.0,0.0,0.0,1
VioleV,0.0,0.0,1.0,0.0,1
VitrinaChapina,0.0,1.0,0.0,0.0,1
Viviannclaudett,0.0,1.0,0.0,0.0,1
Vivy_Castro,0.0,1.0,0.0,0.0,1
VjavierHndz,0.0,1.0,0.0,0.0,1
WachOver,0.0,0.0,1.0,0.0,1
WalterFloresg1,0.0,1.0,0.0,0.0,1
WalterM91033122,0.0,1.0,0.0,0.0,1
Wanderlust19851,0.0,1.0,0.0,0.0,1
Wayarnol,0.0,1.0,0.0,0.0,1
William97211675,0.0,1.0,0.0,0.0,1
Willyalfa,0.0,1.0,0.0,0.0,1
Wolve_GT,0.0,1.0,0.0,0.0,1
XIluminex,0.0,1.0,0.0,0.0,1
YURY_monROY,0.0,1.0,0.0,0.0,1
YaheER14,0.0,1.0,0.0,0.0,1
YoelDeLeon23,0.0,1.0,0.0,0.0,1
Yogu_light,0.0,0.0,1.0,0.0,1
Yovapower2,0.0,1.0,0.0,0.0,1
ZERIMARAL3LH1,0.0,0.0,1.0,0.0,1
ZarahLu,0.0,1.0,0.0,0.0,1
ZullyAyala23922,0.0,1.0,0.0,0.0,1
ZurdoSlowing,0.0,1.0,0.0,0.0,1
_Jhernandez81,0.0,1.0,0.0,0.0,1
__suzeth,0.0,0.0,1.0,0.0,1
_creyes_,0.0,1.0,0.0,0.0,1
aaalonso71,0.0,0.0,1.0,0.0,1
abnergiron,0.0,1.0,0.0,0.0,1
acapelagt,0.0,1.0,0.0,0.0,1
acoro762,0.0,1.0,0.0,0.0,1
adlm_,0.0,1.0,0.0,0.0,1
adolfodiem57,0.0,1.0,0.0,0.0,1
adollfo51,0.0,1.0,0.0,0.0,1
adrianpc912,0.0,1.0,0.0,0.0,1
agriperen,0.0,0.0,1.0,0.0,1
ajanel_eliseo,0.0,1.0,0.0,0.0,1
ajpu88,0.0,1.0,0.0,0.0,1
alanbonilla3212,0.0,1.0,0.0,0.0,1
albamGT,0.0,1.0,0.0,0.0,1
albertjoreyes84,0.0,0.0,1.0,0.0,1
alcer1967,0.0,1.0,0.0,0.0,1
aldo_guate2024,0.0,1.0,0.0,0.0,1
aldogomezscala,0.0,1.0,0.0,0.0,1
alegon_com,0.0,1.0,0.0,0.0,1
alexacrab,0.0,1.0,0.0,0.0,1
alexg7646,0.0,0.0,1.0,0.0,1
alexiapicsa,0.0,0.0,1.0,0.0,1
alexpatriotagt,0.0,0.0,1.0,0.0,1
alexrtem,0.0,1.0,0.0,0.0,1
alexxitomorales,0.0,1.0,0.0,0.0,1
aleydaguare,0.0,1.0,0.0,0.0,1
alfarito007,0.0,1.0,0.0,0.0,1
almendi59,0.0,1.0,0.0,0.0,1
alvare_vinicio,0.0,1.0,0.0,0.0,1
amilcarmontejo,0.0,0.0,1.0,0.0,1
amoscervantes1,0.0,1.0,0.0,0.0,1
anabelynz,0.0,1.0,0.0,0.0,1
anabnm68,0.0,0.0,1.0,0.0,1
analuisamirand8,0.0,0.0,1.0,0.0,1
andynnnnnnnnn,0.0,1.0,0.0,0.0,1
anika_cohler,0.0,1.0,0.0,0.0,1
animaldgalaccia,0.0,0.0,1.0,0.0,1
anitadelasnubes,0.0,1.0,0.0,0.0,1
antichairochapi,0.0,1.0,0.0,0.0,1
antulioeliasEG,0.0,0.0,1.0,0.0,1
arielsamayoa,0.0,0.0,1.0,0.0,1
arnoldoarriaza,0.0,1.0,0.0,0.0,1
arriola_cl95191,0.0,1.0,0.0,0.0,1
asdlkjhdf,0.0,1.0,0.0,0.0,1
atiu07,0.0,1.0,0.0,0.0,1
atlaus1985,0.0,1.0,0.0,0.0,1
autoridadesgt,0.0,0.0,1.0,0.0,1
axelreyna4rm,0.0,0.0,1.0,0.0,1
banalucas,0.0,1.0,0.0,0.0,1
barbarismo_,0.0,1.0,0.0,0.0,1
bdonado1,0.0,1.0,0.0,0.0,1
benitok_melo,0.0,1.0,0.0,0.0,1
benjibebecito,0.0,1.0,0.0,0.0,1
bensywulka,0.0,1.0,0.0,0.0,1
berserker1696,0.0,1.0,0.0,0.0,1
beteta2_hugo,0.0,0.0,1.0,0.0,1
beto_Asaber14,0.0,1.0,0.0,0.0,1
betomoreirap,0.0,1.0,0.0,0.0,1
bicho_najera,0.0,1.0,0.0,0.0,1
blanknita_24,0.0,0.0,1.0,0.0,1
blushizzi,0.0,1.0,0.0,0.0,1
bobypineda,0.0,0.0,1.0,0.0,1
bomberosmuni,0.0,1.0,0.0,0.0,1
borreguitoyulie,0.0,1.0,0.0,0.0,1
bosque_robin,0.0,1.0,0.0,0.0,1
brujita_72,0.0,1.0,0.0,0.0,1
bufeprofesional,0.0,1.0,0.0,0.0,1
byronmerci85,0.0,1.0,0.0,0.0,1
c_herrarte,0.0,1.0,0.0,0.0,1
cabarri811,0.0,1.0,0.0,0.0,1
cafnfnavarro,0.0,1.0,0.0,0.0,1
calbert96,0.0,1.0,0.0,0.0,1
cante_eder,0.0,1.0,0.0,0.0,1
car_jena,0.0,1.0,0.0,0.0,1
carecaite,0.0,1.0,0.0,0.0,1
carlitos3078,0.0,0.0,1.0,0.0,1
carlos5433,0.0,1.0,0.0,0.0,1
carlos_ruano_,0.0,0.0,1.0,0.0,1
carlosc83777123,0.0,1.0,0.0,0.0,1
carlosemilio85,0.0,0.0,1.0,0.0,1
carlosm36924914,0.0,1.0,0.0,0.0,1
caroll_16,0.0,1.0,0.0,0.0,1
carreragua,0.0,1.0,0.0,0.0,1
carrerarene1,0.0,0.0,1.0,0.0,1
carvid9,0.0,1.0,0.0,0.0,1
castcn,0.0,1.0,0.0,0.0,1
castillo_tonito,0.0,1.0,0.0,0.0,1
cc6447,0.0,1.0,0.0,0.0,1
cc_chiquin,0.0,1.0,0.0,0.0,1
ccdaoficialgt,0.0,0.0,1.0,0.0,1
cdgenesisguate,0.0,0.0,1.0,0.0,1
cecastillog2012,0.0,1.0,0.0,0.0,1
cefvpolo,0.0,0.0,1.0,0.0,1
cesarinmolina,0.0,1.0,0.0,0.0,1
cevelyng,0.0,1.0,0.0,0.0,1
chapinboj,0.0,1.0,0.0,0.0,1
chatamendez,0.0,1.0,0.0,0.0,1
chejova83,0.0,0.0,1.0,0.0,1
chelo159,0.0,1.0,0.0,0.0,1
chepechapin58,0.0,1.0,0.0,0.0,1
chevez_homero,0.0,0.0,1.0,0.0,1
chilerazo,0.0,1.0,0.0,0.0,1
chino16711,0.0,0.0,1.0,0.0,1
chivi2901,0.0,1.0,0.0,0.0,1
choelias3,0.0,1.0,0.0,0.0,1
chuksbarrientos,0.0,1.0,0.0,0.0,1
clandeztino,0.0,1.0,0.0,0.0,1
claus_zu,0.0,1.0,0.0,0.0,1
cleal860,0.0,1.0,0.0,0.0,1
clousgario,0.0,1.0,0.0,0.0,1
coloccini09,0.0,1.0,0.0,0.0,1
coloma_jorge,0.0,1.0,0.0,0.0,1
concriteriogt,0.0,1.0,0.0,0.0,1
coolgear20,0.0,1.0,0.0,0.0,1
crislemus,0.0,1.0,0.0,0.0,1
csanchezpolo,0.0,1.0,0.0,0.0,1
cuanticospin,0.0,1.0,0.0,0.0,1
cubomarketing2,0.0,1.0,0.0,0.0,1
curielcuriel8,0.0,1.0,0.0,0.0,1
d3sarrollo,0.0,1.0,0.0,0.0,1
d_lnaa,0.0,1.0,0.0,0.0,1
dafer05081967,0.0,1.0,0.0,0.0,1
danborrayo,0.0,1.0,0.0,0.0,1
danies1986,0.0,1.0,0.0,0.0,1
daniheor,0.0,1.0,0.0,0.0,1
daniloherreral,0.0,1.0,0.0,0.0,1
daniloram1978,0.0,1.0,0.0,0.0,1
dardon_monica,0.0,1.0,0.0,0.0,1
defrijoles,0.0,1.0,0.0,0.0,1
deparodriguez,0.0,1.0,0.0,0.0,1
deporterf2022,0.0,0.0,1.0,0.0,1
dfernandezg,0.0,1.0,0.0,0.0,1
dicledafar,0.0,1.0,0.0,0.0,1
diegolainfiesta,0.0,1.0,0.0,0.0,1
dieletgo,0.0,0.0,1.0,0.0,1
diganmechapin,0.0,1.0,0.0,0.0,1
diicesare,0.0,0.0,1.0,0.0,1
dinoeca30,0.0,0.0,1.0,0.0,1
dlissettepa,0.0,1.0,0.0,0.0,1
dlro53728,0.0,0.0,1.0,0.0,1
donguichon,0.0,1.0,0.0,0.0,1
donkev29,0.0,0.0,1.0,0.0,1
donrodri47,0.0,1.0,0.0,0.0,1
drsagas,0.0,0.0,1.0,0.0,1
dsepet,0.0,1.0,0.0,0.0,1
dulkelheit,0.0,1.0,0.0,0.0,1
e_mire8a,0.0,1.0,0.0,0.0,1
eabril89,0.0,0.0,1.0,0.0,1
eamilcar_rios,0.0,0.0,1.0,0.0,1
eargueta1983,0.0,1.0,0.0,0.0,1
eddievill,0.0,1.0,0.0,0.0,1
edgarjcontreras,0.0,1.0,0.0,0.0,1
edperezgt,0.0,1.0,0.0,0.0,1
edumonalf,0.0,1.0,0.0,0.0,1
elMiniLicgt,0.0,0.0,1.0,0.0,1
el_502gt,0.0,1.0,0.0,0.0,1
elcosebautista,0.0,1.0,0.0,0.0,1
elcriskristian,0.0,1.0,0.0,0.0,1
elebon201,0.0,1.0,0.0,0.0,1
eliucyc,0.0,0.0,1.0,0.0,1
elmeronene1,0.0,1.0,0.0,0.0,1
elmervargas,0.0,1.0,0.0,0.0,1
elmishsalbg,0.0,1.0,0.0,0.0,1
eltuitdehoy_,0.0,1.0,0.0,0.0,1
emartensen,0.0,1.0,0.0,0.0,1
enandopz,0.0,1.0,0.0,0.0,1
endry_ochoa,0.0,1.0,0.0,0.0,1
enriquecordon,0.0,1.0,0.0,0.0,1
enterand5,0.0,1.0,0.0,0.0,1
eomarroq,0.0,1.0,0.0,0.0,1
equinacp11,0.0,1.0,0.0,0.0,1
ericfer1603,0.0,1.0,0.0,0.0,1
erickdcap,0.0,1.0,0.0,0.0,1
erickdonald2g,0.0,1.0,0.0,0.0,1
erickmgarrido,0.0,0.0,1.0,0.0,1
erickpinaleshou,0.0,1.0,0.0,0.0,1
erikbarrios3011,0.0,0.0,1.0,0.0,1
erikjoaquine,0.0,0.0,1.0,0.0,1
erikrmoran,0.0,1.0,0.0,0.0,1
erpichi1107,0.0,1.0,0.0,0.0,1
erwin_fern84019,0.0,0.0,1.0,0.0,1
esamayoa73,0.0,1.0,0.0,0.0,1
esnaoro1,0.0,1.0,0.0,0.0,1
essstuardo,0.0,1.0,0.0,0.0,1
estuardovalle83,0.0,1.0,0.0,0.0,1
etanchez1974,0.0,1.0,0.0,0.0,1
etelargueta,0.0,1.0,0.0,0.0,1
f24173affa12472,0.0,0.0,1.0,0.0,1
f36eb2940df3463,0.0,0.0,1.0,0.0,1
f3rlu_93,0.0,1.0,0.0,0.0,1
fatmis44,0.0,0.0,1.0,0.0,1
fco9168,0.0,0.0,1.0,0.0,1
fcofiga,0.0,1.0,0.0,0.0,1
fedalsa,0.0,1.0,0.0,0.0,1
fercho_ovando,0.0,1.0,0.0,0.0,1
fercito424,0.0,1.0,0.0,0.0,1
fernanbarr,0.0,1.0,0.0,0.0,1
festivalesgt,0.0,0.0,1.0,0.0,1
fjorellanaa,0.0,1.0,0.0,0.0,1
flor010474,0.0,0.0,1.0,0.0,1
flordemariaO,0.0,1.0,0.0,0.0,1
foho240,0.0,1.0,0.0,0.0,1
fpe2101,0.0,1.0,0.0,0.0,1
francis83284565,0.0,1.0,0.0,0.0,1
franciscoxutuc,0.0,1.0,0.0,0.0,1
franmandr,0.0,0.0,1.0,0.0,1
freddy_lucero,0.0,1.0,0.0,0.0,1
fredinho2311,0.0,1.0,0.0,0.0,1
freelif36854702,0.0,1.0,0.0,0.0,1
friibergt,0.0,1.0,0.0,0.0,1
g_frgmontt,0.0,0.0,1.0,0.0,1
g_mollinedo,0.0,1.0,0.0,0.0,1
gac_78,0.0,1.0,0.0,0.0,1
gamaliel_matheu,0.0,1.0,0.0,0.0,1
garcia196711,0.0,1.0,0.0,0.0,1
garzaroscott,0.0,1.0,0.0,0.0,1
gatitakcrs,0.0,1.0,0.0,0.0,1
gavilan_gt,0.0,1.0,0.0,0.0,1
gemonzon,0.0,1.0,0.0,0.0,1
gerbo_ca,0.0,0.0,1.0,0.0,1
german2209,0.0,1.0,0.0,0.0,1
giancagt,0.0,1.0,0.0,0.0,1
giovanicuellar7,0.0,1.0,0.0,0.0,1
giovannygali,0.0,1.0,0.0,0.0,1
gretecifu,0.0,1.0,0.0,0.0,1
gtred86,0.0,1.0,0.0,0.0,1
guicho53,0.0,1.0,0.0,0.0,1
guichoarsenal,0.0,0.0,1.0,0.0,1
guille_tobar,0.0,1.0,0.0,0.0,1
guillermo_kano,0.0,1.0,0.0,0.0,1
gusarober,0.0,0.0,1.0,0.0,1
hebermart2000,0.0,0.0,1.0,0.0,1
hecch,0.0,1.0,0.0,0.0,1
hectorgiron,0.0,1.0,0.0,0.0,1
hestuardomeya,0.0,1.0,0.0,0.0,1
het_id33826,0.0,1.0,0.0,0.0,1
hevisaga,0.0,0.0,1.0,0.0,1
hijodeDios1969,0.0,0.0,1.0,0.0,1
honeybadgergt,0.0,1.0,0.0,0.0,1
honoratovela,0.0,1.0,0.0,0.0,1
hoponovale,0.0,1.0,0.0,0.0,1
horseboina9,0.0,0.0,1.0,0.0,1
howardroark1962,0.0,1.0,0.0,0.0,1
hrpernillo,0.0,1.0,0.0,0.0,1
hsanchezgt,0.0,0.0,1.0,0.0,1
hugomorales84,0.0,0.0,1.0,0.0,1
iMalven,0.0,1.0,0.0,0.0,1
ialmgg,0.0,1.0,0.0,0.0,1
iambardo7,0.0,1.0,0.0,0.0,1
ibal160970,0.0,1.0,0.0,0.0,1
ieneeelee,0.0,1.0,0.0,0.0,1
ierecinos,0.0,1.0,0.0,0.0,1
ingecivilxela,0.0,1.0,0.0,0.0,1
inna_kar,0.0,1.0,0.0,0.0,1
intoamountain,0.0,1.0,0.0,0.0,1
ioxua19,0.0,1.0,0.0,0.0,1
ire_casado,0.0,1.0,0.0,0.0,1
irmal_rodas,0.0,1.0,0.0,0.0,1
irreverentemmmb,0.0,1.0,0.0,0.0,1
isaalvillatoro_,0.0,1.0,0.0,0.0,1
iwas_tonota,0.0,1.0,0.0,0.0,1
j_quej,0.0,1.0,0.0,0.0,1
jacqcelestia1,0.0,1.0,0.0,0.0,1
jacquel99067632,0.0,0.0,1.0,0.0,1
jadinaprez,0.0,0.0,1.0,0.0,1
jaehsaurio,0.0,1.0,0.0,0.0,1
jaironpurocrema,0.0,1.0,0.0,0.0,1
jalel78,0.0,1.0,0.0,0.0,1
jannina38537238,0.0,0.0,1.0,0.0,1
jaquitikis,0.0,0.0,1.0,0.0,1
jasonbarriosgut,0.0,0.0,1.0,0.0,1
javierpin8,0.0,0.0,1.0,0.0,1
jayro_1086,0.0,1.0,0.0,0.0,1
jbardavin,0.0,1.0,0.0,0.0,1
jcarlosmoscoso,0.0,1.0,0.0,0.0,1
jclunaaguilera,0.0,1.0,0.0,0.0,1
jdtolland2004,0.0,1.0,0.0,0.0,1
je72691,0.0,1.0,0.0,0.0,1
jemanuelth,0.0,1.0,0.0,0.0,1
jeremiejsn,0.0,0.0,1.0,0.0,1
jeson_tino,0.0,1.0,0.0,0.0,1
jetazz,0.0,1.0,0.0,0.0,1
jfermendez,0.0,1.0,0.0,0.0,1
jfrank1976,0.0,1.0,0.0,0.0,1
jgcasasola,0.0,1.0,0.0,0.0,1
jmeggs,0.0,1.0,0.0,0.0,1
jmgrandpa,0.0,1.0,0.0,0.0,1
jmlv21104,0.0,1.0,0.0,0.0,1
jmr18995,0.0,1.0,0.0,0.0,1
jmsoes,0.0,0.0,1.0,0.0,1
joalsanta,0.0,1.0,0.0,0.0,1
joelin_enriquez,0.0,1.0,0.0,0.0,1
jonanrodas,0.0,1.0,0.0,0.0,1
jonodavila,0.0,1.0,0.0,0.0,1
jonydrum,0.0,1.0,0.0,0.0,1
jorgelf_l,0.0,1.0,0.0,0.0,1
jorwel,0.0,1.0,0.0,0.0,1
jose5anchez,0.0,0.0,1.0,0.0,1
josejo1116,0.0,1.0,0.0,0.0,1
josejulianGuate,0.0,1.0,0.0,0.0,1
joseperen,0.0,1.0,0.0,0.0,1
josespalencias,0.0,1.0,0.0,0.0,1
josevilleda811,0.0,1.0,0.0,0.0,1
joshchapin,0.0,0.0,1.0,0.0,1
josscarrera16,0.0,1.0,0.0,0.0,1
josuepablo,0.0,1.0,0.0,0.0,1
josueshumangt,0.0,1.0,0.0,0.0,1
jtrujillosan,0.0,1.0,0.0,0.0,1
juamanlogt,0.0,1.0,0.0,0.0,1
juanca_vela,0.0,1.0,0.0,0.0,1
juanchodelaroca,0.0,1.0,0.0,0.0,1
juanchogii,0.0,0.0,1.0,0.0,1
juanctrujilloc1,0.0,1.0,0.0,0.0,1
juansitomi,0.0,0.0,1.0,0.0,1
judithinter,0.0,1.0,0.0,0.0,1
julemas,0.0,1.0,0.0,0.0,1
juliantono400,0.0,1.0,0.0,0.0,1
julitobatres,0.0,1.0,0.0,0.0,1
juliusmazzapan,0.0,1.0,0.0,0.0,1
juristagt502,0.0,1.0,0.0,0.0,1
jusbin1992,0.0,1.0,0.0,0.0,1
justderekgt,0.0,1.0,0.0,0.0,1
kaialer,0.0,0.0,1.0,0.0,1
kalizgo,0.0,1.0,0.0,0.0,1
kalumar85,0.0,1.0,0.0,0.0,1
karen_sant35047,0.0,1.0,0.0,0.0,1
kavernikola1956,0.0,0.0,1.0,0.0,1
kiluluki,0.0,1.0,0.0,0.0,1
krchapina,0.0,0.0,1.0,0.0,1
kriis_colocha,0.0,1.0,0.0,0.0,1
kwscheel,0.0,1.0,0.0,0.0,1
l3on3lPalala,0.0,1.0,0.0,0.0,1
laaldecoa18,0.0,0.0,1.0,0.0,1
lacabrera74,0.0,1.0,0.0,0.0,1
lafemme574,0.0,1.0,0.0,0.0,1
lainibakura,0.0,1.0,0.0,0.0,1
lamarchggie,0.0,1.0,0.0,0.0,1
laragonyanes,0.0,1.0,0.0,0.0,1
lasmuchedumbres,0.0,1.0,0.0,0.0,1
lbarreragt,0.0,1.0,0.0,0.0,1
leninfrodriguez,0.0,0.0,1.0,0.0,1
lestuardoglez,0.0,1.0,0.0,0.0,1
licjosealvarado,0.0,1.0,0.0,0.0,1
linares67,0.0,1.0,0.0,0.0,1
lipelepe,0.0,1.0,0.0,0.0,1
llmagana,0.0,1.0,0.0,0.0,1
lohammi,0.0,1.0,0.0,0.0,1
londygarciac,0.0,1.0,0.0,0.0,1
lowvanns,0.0,1.0,0.0,0.0,1
lrlopez2020,0.0,1.0,0.0,0.0,1
lsanchez_gtv,0.0,1.0,0.0,0.0,1
ltaracena44,0.0,0.0,1.0,0.0,1
luigihb77,0.0,1.0,0.0,0.0,1
luipicr,0.0,0.0,1.0,0.0,1
luisferhr,0.0,0.0,1.0,0.0,1
luisma_2023,0.0,1.0,0.0,0.0,1
luispabas,0.0,1.0,0.0,0.0,1
luispe59,0.0,1.0,0.0,0.0,1
luispedroortizb,0.0,1.0,0.0,0.0,1
luiszakpa,0.0,1.0,0.0,0.0,1
m3m3b3to,0.0,1.0,0.0,0.0,1
m4nd4rin3ns4ft,0.0,1.0,0.0,0.0,1
m_latorre,0.0,1.0,0.0,0.0,1
maabe_,0.0,1.0,0.0,0.0,1
maco_zelada,0.0,1.0,0.0,0.0,1
mafisquab,0.0,1.0,0.0,0.0,1
malemoralesa,0.0,1.0,0.0,0.0,1
maliliade,0.0,1.0,0.0,0.0,1
malumbresfran,0.0,1.0,0.0,0.0,1
manu_Diaz,0.0,1.0,0.0,0.0,1
manuel6222661,0.0,1.0,0.0,0.0,1
marbienesinmue1,0.0,0.0,1.0,0.0,1
mareciga50,0.0,0.0,1.0,0.0,1
mario1968lopez,0.0,1.0,0.0,0.0,1
marioantillon2,0.0,1.0,0.0,0.0,1
mariogarcia76,0.0,1.0,0.0,0.0,1
marioquan,0.0,1.0,0.0,0.0,1
marlenalcas,0.0,0.0,1.0,0.0,1
mary15783911,0.0,1.0,0.0,0.0,1
masmeisamas,0.0,1.0,0.0,0.0,1
matreg8,0.0,1.0,0.0,0.0,1
mauniesgt,0.0,1.0,0.0,0.0,1
maurelius47233,0.0,1.0,0.0,0.0,1
mayroxis,0.0,0.0,1.0,0.0,1
mdjssalgue,0.0,1.0,0.0,0.0,1
mdlobos,0.0,1.0,0.0,0.0,1
medina1979,0.0,1.0,0.0,0.0,1
meminchicas,0.0,1.0,0.0,0.0,1
mendante,0.0,1.0,0.0,0.0,1
mfgc1266,0.0,1.0,0.0,0.0,1
mhTrinet,0.0,1.0,0.0,0.0,1
mhernandez4788,0.0,0.0,1.0,0.0,1
migram59,0.0,1.0,0.0,0.0,1
milojerez,0.0,0.0,1.0,0.0,1
mjea2006,0.0,1.0,0.0,0.0,1
mollygt503,0.0,0.0,1.0,0.0,1
monymmorales,0.0,0.0,1.0,0.0,1
morisduarte55,0.0,1.0,0.0,0.0,1
mother1mely,0.0,1.0,0.0,0.0,1
motin_gt,0.0,0.0,1.0,0.0,1
mroberto32,0.0,1.0,0.0,0.0,1
mrtato2001,0.0,1.0,0.0,0.0,1
msemillagt,0.0,0.0,1.0,0.0,1
mtacunao,0.0,0.0,1.0,0.0,1
munoz_analu,0.0,1.0,0.0,0.0,1
murusho1978,0.0,1.0,0.0,0.0,1
mynor_veliz,0.0,0.0,1.0,0.0,1
mynorarmando,0.0,1.0,0.0,0.0,1
nandwich,0.0,1.0,0.0,0.0,1
natanurizar,0.0,1.0,0.0,0.0,1
natso10,0.0,0.0,1.0,0.0,1
nidiahnova,0.0,0.0,1.0,0.0,1
noel_hurtarte,0.0,1.0,0.0,0.0,1
noetineco,0.0,1.0,0.0,0.0,1
noticiasjorgems,0.0,1.0,0.0,0.0,1
nx74205_defiant,0.0,1.0,0.0,0.0,1
oalmeguz,0.0,1.0,0.0,0.0,1
obi_wong,0.0,1.0,0.0,0.0,1
odgome,0.0,1.0,0.0,0.0,1
oecalderonm,0.0,1.0,0.0,0.0,1
olamarvin402,0.0,1.0,0.0,0.0,1
oliver_1b,0.0,1.0,0.0,0.0,1
omarlandaverry,0.0,1.0,0.0,0.0,1
osantizo,0.0,1.0,0.0,0.0,1
oscar1arevalo1,0.0,1.0,0.0,0.0,1
oscarberganzaC,0.0,1.0,0.0,0.0,1
othmancgrstones,0.0,0.0,1.0,0.0,1
ovalenzugt2,0.0,1.0,0.0,0.0,1
pabloriv1980,0.0,0.0,1.0,0.0,1
paoh666_,0.0,1.0,0.0,0.0,1
paolo_970,0.0,1.0,0.0,0.0,1
paquitomendez,0.0,1.0,0.0,0.0,1
patadechuchosoy,0.0,0.0,1.0,0.0,1
patojodeltuit,0.0,1.0,0.0,0.0,1
patriciajaniot,0.0,0.0,1.0,0.0,1
patty230767,0.0,1.0,0.0,0.0,1
pattyo502,0.0,1.0,0.0,0.0,1
paw_green,0.0,1.0,0.0,0.0,1
pecosa160110,0.0,0.0,1.0,0.0,1
pensantedel2012,0.0,0.0,1.0,0.0,1
pflo1979,0.0,1.0,0.0,0.0,1
pichi_palma,0.0,1.0,0.0,0.0,1
piero_coen,0.0,0.0,1.0,0.0,1
pineda_hilmar,0.0,1.0,0.0,0.0,1
piruli70,0.0,0.0,1.0,0.0,1
pishquif,0.0,0.0,1.0,0.0,1
playagrandesa,0.0,1.0,0.0,0.0,1
polipelaez,0.0,0.0,1.0,0.0,1
pollosdb,0.0,0.0,1.0,0.0,1
porqtendenciagt,0.0,1.0,0.0,0.0,1
portocarrero54,0.0,1.0,0.0,0.0,1
pozuelos59,0.0,1.0,0.0,0.0,1
punchdefruta,0.0,1.0,0.0,0.0,1
quiquegarcia502,0.0,1.0,0.0,0.0,1
radiogtFvelRM,0.0,1.0,0.0,0.0,1
random_ram80,0.0,1.0,0.0,0.0,1
raqu85549,0.0,0.0,1.0,0.0,1
rasp14051965,0.0,1.0,0.0,0.0,1
raulgar41374916,0.0,1.0,0.0,0.0,1
rayycarvajal,0.0,1.0,0.0,0.0,1
razondesergt,0.0,1.0,0.0,0.0,1
rdiazcorzo,0.0,0.0,1.0,0.0,1
rdsh73,0.0,1.0,0.0,0.0,1
realchapin2,0.0,0.0,1.0,0.0,1
rebkrriaza,0.0,1.0,0.0,0.0,1
reginasancheza,0.0,1.0,0.0,0.0,1
renat_21,0.0,1.0,0.0,0.0,1
renefelix_,0.0,0.0,1.0,0.0,1
repjgt,0.0,1.0,0.0,0.0,1
reporteroUKNY,0.0,1.0,0.0,0.0,1
richierodcas,0.0,1.0,0.0,0.0,1
rigo_caniz,0.0,1.0,0.0,0.0,1
robertoperezg81,0.0,1.0,0.0,0.0,1
rocasgt,0.0,0.0,1.0,0.0,1
rocioxrd_,0.0,1.0,0.0,0.0,1
rodas_srodas1,0.0,1.0,0.0,0.0,1
rodrigoarenas,0.0,1.0,0.0,0.0,1
rodrigobraves,0.0,0.0,1.0,0.0,1
rodrigoerm,0.0,1.0,0.0,0.0,1
rodrixlop,0.0,1.0,0.0,0.0,1
rodsamayoa,0.0,0.0,1.0,0.0,1
rogelius13,0.0,1.0,0.0,0.0,1
ronaldvillato11,0.0,1.0,0.0,0.0,1
roncontreras4,0.0,1.0,0.0,0.0,1
ronysac,0.0,1.0,0.0,0.0,1
roula202122,0.0,1.0,0.0,0.0,1
rubenarriagama1,0.0,1.0,0.0,0.0,1
rusherpop1,0.0,1.0,0.0,0.0,1
s35938704,0.0,0.0,1.0,0.0,1
safeandsound94,0.0,1.0,0.0,0.0,1
salas_bicho,0.0,1.0,0.0,0.0,1
salem_joaquin,0.0,1.0,0.0,0.0,1
sammettori,0.0,1.0,0.0,0.0,1
santipalomov,0.0,1.0,0.0,0.0,1
sapinho1980,0.0,0.0,1.0,0.0,1
sc_nashi,0.0,0.0,1.0,0.0,1
scheherezade_79,0.0,1.0,0.0,0.0,1
sergi_57,0.0,0.0,1.0,0.0,1
sergio_ojala,0.0,1.0,0.0,0.0,1
sergiogunmate,0.0,0.0,1.0,0.0,1
sergioosoy,0.0,0.0,1.0,0.0,1
sfaustino641,0.0,1.0,0.0,0.0,1
shidith,0.0,1.0,0.0,0.0,1
sihaysisinono,0.0,0.0,1.0,0.0,1
silviajcalderon,0.0,1.0,0.0,0.0,1
simplyvidal1,0.0,1.0,0.0,0.0,1
sirr_juan,0.0,1.0,0.0,0.0,1
slcharl2,0.0,1.0,0.0,0.0,1
smvanessa73,0.0,1.0,0.0,0.0,1
snakecancelable,0.0,0.0,1.0,0.0,1
soibnan,0.0,1.0,0.0,0.0,1
solaresarriola,0.0,1.0,0.0,0.0,1
sontay_williamG,0.0,1.0,0.0,0.0,1
sor_monroy,0.0,0.0,1.0,0.0,1
spillariales,0.0,1.0,0.0,0.0,1
stuardlitles,0.0,1.0,0.0,0.0,1
susyriv56659832,0.0,1.0,0.0,0.0,1
takitoperezgt,0.0,1.0,0.0,0.0,1
tanchita21,0.0,1.0,0.0,0.0,1
tangentegt,0.0,1.0,0.0,0.0,1
tatowd,0.0,1.0,0.0,0.0,1
tavoandshanna,0.0,1.0,0.0,0.0,1
tavogarcia54,0.0,1.0,0.0,0.0,1
tayoaycinena,0.0,1.0,0.0,0.0,1
the_MSNM,0.0,1.0,0.0,0.0,1
theboredguy_96,0.0,1.0,0.0,0.0,1
threadreaderapp,0.0,1.0,0.0,0.0,1
tinysz,0.0,1.0,0.0,0.0,1
transmision14,0.0,1.0,0.0,0.0,1
trollitogt,0.0,1.0,0.0,0.0,1
unchapincomun,0.0,1.0,0.0,0.0,1
unico_chapin,0.0,1.0,0.0,0.0,1
vasq52759,0.0,1.0,0.0,0.0,1
vasquezef,0.0,1.0,0.0,0.0,1
vasquezoj1,0.0,1.0,0.0,0.0,1
verdadlesduele,0.0,1.0,0.0,0.0,1
vgonzalezdlc,0.0,0.0,1.0,0.0,1
viajemosxguate,0.0,1.0,0.0,0.0,1
vicentatecuenta,0.0,1.0,0.0,0.0,1
vicky_alvarez81,0.0,1.0,0.0,0.0,1
vicmacue62,0.0,1.0,0.0,0.0,1
vidalejo3,0.0,1.0,0.0,0.0,1
villanueva71,0.0,1.0,0.0,0.0,1
villanueva_ci,0.0,1.0,0.0,0.0,1
villeda_ja,0.0,1.0,0.0,0.0,1
viniciogutierr3,0.0,1.0,0.0,0.0,1
vinyporty,0.0,1.0,0.0,0.0,1
vir129,0.0,1.0,0.0,0.0,1
voZnisho,0.0,1.0,0.0,0.0,1
waldoo8,0.0,1.0,0.0,0.0,1
walgerhc,0.0,0.0,1.0,0.0,1
waltercc,0.0,1.0,0.0,0.0,1
welbar1967,0.0,1.0,0.0,0.0,1
wenjacobo,0.0,1.0,0.0,0.0,1
wilfred_cruz,0.0,1.0,0.0,0.0,1
wofwofgtt,0.0,1.0,0.0,0.0,1
wsantizo,0.0,1.0,0.0,0.0,1
xharol3ds,0.0,0.0,1.0,0.0,1
xub_l,0.0,0.0,1.0,0.0,1
yoguatex,0.0,1.0,0.0,0.0,1
yohenbarrera,0.0,1.0,0.0,0.0,1
yos0ydanieloff,0.0,1.0,0.0,0.0,1
yubisa123,0.0,1.0,0.0,0.0,1
yuuupii1234,0.0,0.0,1.0,0.0,1
yvassaux,0.0,1.0,0.0,0.0,1
zullyroca_gi,0.0,1.0,0.0,0.0,1
